week,job_hour_2h,city_id,avg_score_per_earner
1,0,3,1.85
1,2,3,4.535
1,6,3,9.495
1,22,3,1.7000000000000002
1,32,3,2.295
1,38,3,0.5549999999999999
1,40,3,0.3650000000000002
1,42,3,8.934999999999999
1,44,3,1.3333333333333333
1,48,3,1.975
1,52,3,2.39
1,58,3,2.9566666666666666
1,60,3,2.77
1,64,3,2.7075
1,66,3,6.715
1,68,3,3.4600000000000004
1,70,3,11.585
1,72,3,5.19
1,78,3,-0.1425
1,82,3,10.47
1,86,3,5.35
1,88,3,7.1425
1,90,3,1.31
1,98,3,5.545
1,100,3,2.1325000000000003
1,102,3,4.82
1,104,3,2.6125
1,106,3,8.375
1,112,3,3.67
1,114,3,0.4650000000000003
1,116,3,6.657499999999999
1,118,3,7.774999999999999
1,120,3,5.7
1,130,3,5.7925
1,136,3,9.04
1,138,3,9.232500000000002
1,140,3,2.45
1,144,3,5.705
1,150,3,2.405
1,154,3,5.225
1,158,3,5.58
3,0,3,0.6449999999999998
3,2,3,3.3525
3,4,3,1.095
3,8,3,6.0600000000000005
3,10,3,4.022500000000001
3,12,3,5.135
3,14,3,6.04
3,16,3,10.59
3,18,3,9.11
3,20,3,5.125
3,22,3,4.9750000000000005
3,24,3,6.704999999999999
3,32,3,4.86
3,36,3,9.31
3,38,3,18.84
3,40,3,6.904999999999999
3,42,3,1.68
3,44,3,3.82
3,46,3,5.26
3,48,3,3.9699999999999993
3,54,3,2.7
3,58,3,3.56
3,62,3,4.5375
3,68,3,2.5700000000000003
3,74,3,3.97
3,78,3,7.076666666666665
3,82,3,3.215
3,84,3,4.19
3,86,3,2.79
3,88,3,2.165
3,90,3,2.075
3,108,3,3.895000000000001
3,110,3,7.835000000000001
3,112,3,8.485
3,114,3,11.875
3,124,3,5.85
3,128,3,1.54
3,132,3,7.334999999999999
3,136,3,4.46
3,138,3,6.68
3,140,3,1.0149999999999997
3,142,3,7.899999999999999
3,152,3,3.085
3,154,3,1.3250000000000002
3,156,3,4.932500000000001
3,158,3,5.135000000000001
3,160,3,5.035
3,162,3,2.115
3,164,3,7.784999999999999
3,166,3,0.7349999999999999
4,2,3,7.164999999999999
4,10,3,6.660000000000001
4,12,3,2.6775
4,18,3,4.0525
4,20,3,2.728333333333333
4,22,3,5.815
4,24,3,3.105
4,26,3,6.195000000000001
4,30,3,3.3783333333333334
4,32,3,5.975
4,36,3,6.035
4,40,3,1.44
4,42,3,2.02
4,44,3,5.0425
4,52,3,6.535
4,58,3,3.375
4,64,3,9.465
4,66,3,1.255
4,68,3,-0.1749999999999998
4,84,3,6.420000000000001
4,86,3,5.41
4,90,3,1.04
4,92,3,5.65
4,96,3,8.344999999999999
4,102,3,5.135
4,106,3,10.87
4,110,3,2.8000000000000003
4,114,3,10.32
4,116,3,7.19
4,120,3,7.180000000000001
4,122,3,3.69
4,128,3,3.095
4,132,3,4.635
4,138,3,7.569999999999999
4,142,3,9.19
4,150,3,5.305
4,152,3,8.69
4,154,3,1.4
4,158,3,1.48
4,160,3,8.175
4,162,3,7.834999999999999
4,164,3,6.415
5,6,3,11.525
5,8,3,2.2950000000000004
5,10,3,6.659999999999999
5,12,3,1.7000000000000002
5,14,3,0.5849999999999997
5,16,3,6.115
5,20,3,5.0
5,22,3,8.325
5,26,3,7.025
5,32,3,1.3449999999999998
5,34,3,3.715
5,36,3,3.89
5,38,3,10.905
5,40,3,10.11
5,44,3,4.345
5,58,3,6.094999999999999
5,60,3,4.245000000000001
5,62,3,2.29
5,64,3,4.597499999999999
5,68,3,3.9025
5,72,3,4.22
5,82,3,-0.3599999999999999
5,84,3,2.33
5,90,3,6.515000000000001
5,96,3,5.18
5,98,3,1.3
5,104,3,8.415000000000001
5,106,3,2.165
5,108,3,7.152499999999998
5,110,3,3.515000000000001
5,112,3,12.925
5,120,3,2.3425
5,122,3,2.625
5,124,3,4.907500000000001
5,128,3,3.0625
5,132,3,1.16
5,134,3,1.89
5,138,3,1.0349999999999997
5,140,3,4.46
5,142,3,5.82
5,144,3,0.145
5,154,3,6.050000000000001
5,156,3,5.421666666666667
5,158,3,7.52
5,162,3,3.995
5,164,3,7.165
5,166,3,4.605
6,4,3,3.66
6,8,3,6.289999999999999
6,10,3,8.105
6,14,3,1.4350000000000005
6,20,3,1.4600000000000002
6,32,3,3.555
6,34,3,1.89
6,36,3,5.66
6,38,3,2.315
6,40,3,3.744999999999999
6,42,3,6.380000000000001
6,46,3,3.5825
6,48,3,4.7125
6,50,3,2.035
6,52,3,4.844999999999999
6,58,3,8.1325
6,60,3,4.455
6,62,3,4.460000000000001
6,64,3,1.4699999999999998
6,66,3,6.515000000000001
6,70,3,7.66
6,72,3,2.9350000000000005
6,74,3,7.555
6,84,3,0.8399999999999999
6,86,3,3.04
6,90,3,9.075
6,92,3,6.139999999999999
6,94,3,1.895
6,98,3,0.4100000000000001
6,106,3,6.109999999999999
6,108,3,5.25
6,112,3,4.7675
6,118,3,0.9899999999999998
6,128,3,2.83
6,132,3,5.0200000000000005
6,138,3,1.7975
6,146,3,3.151666666666667
6,150,3,18.4425
6,152,3,4.039999999999999
6,162,3,2.08
6,166,3,7.760000000000001
7,0,3,9.3725
7,8,3,3.810000000000001
7,14,3,4.735
7,16,3,2.27
7,18,3,4.7683333333333335
7,20,3,7.314999999999999
7,24,3,0.1600000000000001
7,28,3,0.94
7,30,3,2.880000000000001
7,40,3,7.57
7,42,3,3.05
7,52,3,3.69
7,56,3,11.065
7,58,3,5.18
7,60,3,3.836666666666666
7,62,3,4.4
7,64,3,-1.16
7,68,3,13.88
7,72,3,4.785
7,74,3,2.9683333333333333
7,78,3,0.5899999999999999
7,80,3,2.54
7,82,3,6.27
7,84,3,0.915
7,86,3,9.6575
7,88,3,1.89
7,94,3,3.71
7,100,3,2.77
7,106,3,4.115
7,108,3,1.98
7,110,3,8.1675
7,118,3,1.4200000000000004
7,122,3,4.565
7,126,3,5.315000000000001
7,128,3,-0.9049999999999998
7,132,3,5.94
7,134,3,4.423333333333333
7,136,3,8.0025
7,138,3,8.4225
7,140,3,3.5475000000000003
7,148,3,5.6075
7,152,3,11.185000000000002
7,156,3,1.2416666666666665
7,158,3,6.73
7,160,3,7.385
7,164,3,1.2899999999999998
7,166,3,7.257499999999999
8,0,3,2.67
8,10,3,9.03
8,12,3,3.105
8,16,3,7.420000000000001
8,18,3,7.86
8,22,3,3.0425000000000004
8,24,3,4.529999999999999
8,36,3,9.535
8,42,3,4.067500000000001
8,44,3,3.995
8,50,3,0.5950000000000002
8,52,3,6.743333333333333
8,54,3,6.545000000000001
8,56,3,4.593333333333334
8,62,3,3.105
8,66,3,8.34
8,68,3,1.735
8,74,3,2.475
8,76,3,14.53
8,82,3,5.06
8,84,3,5.334999999999999
8,90,3,2.0675
8,94,3,5.69
8,96,3,-0.3249999999999997
8,100,3,3.065
8,102,3,4.694999999999999
8,110,3,10.025
8,112,3,19.245
8,120,3,1.96
8,130,3,0.6400000000000001
8,132,3,3.055
8,136,3,4.620000000000001
8,138,3,5.28625
8,142,3,1.4650000000000003
8,148,3,5.7700000000000005
8,150,3,0.6375
8,160,3,2.5500000000000003
8,166,3,2.055
9,6,3,9.16
9,8,3,5.2675
9,12,3,0.8800000000000001
9,16,3,0.1800000000000001
9,20,3,4.94
9,26,3,1.485
9,30,3,1.99
9,38,3,3.725
9,42,3,5.39
9,50,3,2.3200000000000003
9,54,3,5.465
9,58,3,4.68
9,60,3,6.120000000000001
9,64,3,2.8775
9,66,3,1.3850000000000002
9,68,3,7.395
9,70,3,6.0600000000000005
9,72,3,2.235
9,74,3,3.4800000000000004
9,80,3,0.0950000000000002
9,84,3,6.012499999999999
9,88,3,8.675
9,90,3,8.68
9,92,3,7.775
9,94,3,0.5049999999999999
9,98,3,3.075
9,108,3,2.265
9,110,3,3.57
9,116,3,3.945
9,120,3,1.845
9,126,3,6.815
9,134,3,7.051666666666667
9,136,3,0.815
9,138,3,2.59
9,142,3,0.53
9,144,3,5.324999999999999
9,148,3,0.8300000000000001
9,152,3,9.28
9,154,3,1.9025
9,158,3,0.91
9,160,3,7.245
9,164,3,4.155
9,166,3,3.825
10,4,3,1.6275000000000002
10,14,3,7.685
10,16,3,2.8516666666666666
10,18,3,4.035
10,20,3,3.375
10,22,3,4.395
10,24,3,2.96
10,28,3,4.0
10,30,3,4.85
10,32,3,6.529999999999999
10,34,3,5.390000000000001
10,36,3,6.32
10,40,3,1.96
10,42,3,7.145
10,44,3,6.915
10,46,3,3.635
10,48,3,3.64
10,52,3,3.85
10,58,3,1.39
10,60,3,2.475
10,64,3,4.9675
10,70,3,0.835
10,74,3,4.78
10,76,3,4.487500000000001
10,78,3,0.5249999999999999
10,86,3,2.6100000000000003
10,96,3,5.1625
10,98,3,3.765
10,106,3,0.7450000000000001
10,108,3,2.225
10,110,3,3.93
10,116,3,13.364999999999998
10,118,3,7.435
10,122,3,1.755
10,126,3,13.340000000000002
10,130,3,3.4766666666666666
10,132,3,4.316666666666666
10,136,3,2.5875000000000004
10,138,3,5.234999999999999
10,140,3,4.897499999999999
10,146,3,6.174999999999999
10,148,3,2.0275
10,150,3,4.1525
10,152,3,3.9133333333333336
10,154,3,3.3
10,156,3,3.85
10,160,3,6.300000000000001
10,162,3,4.0975
10,166,3,4.2475
11,0,3,5.2700000000000005
11,10,3,3.875
11,16,3,13.28
11,18,3,2.8025
11,20,3,8.432500000000001
11,22,3,1.0400000000000005
11,24,3,3.35
11,36,3,3.4400000000000004
11,44,3,9.35
11,46,3,4.715
11,48,3,4.175
11,50,3,5.53
11,52,3,1.69
11,54,3,1.88
11,56,3,2.67
11,58,3,0.615
11,60,3,4.007499999999999
11,68,3,3.31
11,72,3,2.44
11,74,3,3.8
11,76,3,3.02
11,78,3,9.845
11,80,3,25.465
11,82,3,4.505
11,84,3,2.225
11,90,3,6.069999999999999
11,96,3,1.63
11,98,3,8.87
11,100,3,3.04
11,104,3,0.0749999999999997
11,116,3,4.46
11,118,3,5.945
11,126,3,-0.2250000000000001
11,128,3,-0.0275000000000001
11,132,3,6.7575
11,142,3,2.43
11,150,3,2.375
11,152,3,1.3949999999999996
11,154,3,12.975
11,158,3,3.015
11,160,3,2.83
11,164,3,8.11
11,166,3,7.734999999999999
12,4,3,3.735
12,8,3,7.694999999999999
12,14,3,6.244999999999999
12,16,3,6.620000000000001
12,18,3,1.35
12,20,3,6.079999999999999
12,22,3,7.779999999999999
12,28,3,5.24
12,30,3,1.0225
12,38,3,0.685
12,42,3,10.725
12,46,3,0.4299999999999999
12,48,3,5.16
12,50,3,8.745000000000001
12,52,3,0.0450000000000003
12,54,3,3.3600000000000003
12,56,3,5.815
12,60,3,7.285
12,66,3,1.745
12,70,3,8.175
12,72,3,8.36
12,74,3,11.220000000000002
12,80,3,10.445
12,86,3,0.69
12,88,3,4.843333333333333
12,94,3,-0.415
12,96,3,1.725
12,98,3,3.24
12,100,3,1.525
12,104,3,5.0600000000000005
12,110,3,2.11
12,114,3,5.8425
12,116,3,6.59
12,118,3,5.5600000000000005
12,122,3,8.355
12,128,3,7.390000000000001
12,132,3,10.929999999999998
12,134,3,2.855
12,136,3,0.6299999999999999
12,138,3,6.859999999999999
12,142,3,5.21
12,144,3,4.34375
12,152,3,7.109999999999999
12,154,3,8.515
12,162,3,9.86
12,164,3,5.305
12,166,3,4.44
13,10,3,2.85
13,12,3,6.865
13,14,3,5.140000000000001
13,16,3,2.575
13,18,3,3.065
13,22,3,2.535
13,36,3,2.04
13,38,3,5.52
13,40,3,6.389999999999999
13,42,3,6.4875
13,48,3,6.47
13,56,3,5.461666666666666
13,58,3,3.8625
13,62,3,1.74
13,64,3,6.1000000000000005
13,66,3,3.12
13,72,3,5.895
13,74,3,3.585
13,76,3,6.23
13,80,3,3.7125
13,88,3,9.255
13,92,3,3.715
13,96,3,10.715
13,98,3,5.812499999999999
13,100,3,3.52
13,102,3,11.115
13,106,3,4.15
13,110,3,1.98
13,114,3,15.2025
13,116,3,2.43
13,118,3,0.585
13,120,3,12.12
13,128,3,1.61
13,132,3,3.0525
13,134,3,4.145
13,136,3,2.83
13,142,3,5.31
13,146,3,3.6
13,148,3,1.19
13,156,3,0.55
13,160,3,5.923333333333333
13,164,3,5.025
13,166,3,9.79
14,0,3,3.306666666666666
14,6,3,-0.6100000000000003
14,8,3,8.85
14,10,3,1.615
14,12,3,1.6799999999999995
14,14,3,5.0875
14,20,3,0.4775
14,24,3,1.27
14,26,3,1.74
14,28,3,2.91
14,30,3,1.3400000000000003
14,32,3,1.72
14,34,3,1.9175
14,36,3,2.09
14,38,3,2.745
14,40,3,4.665
14,46,3,7.534999999999999
14,48,3,1.3375
14,54,3,6.105
14,56,3,2.075
14,60,3,2.675
14,68,3,2.658333333333333
14,72,3,2.91
14,82,3,4.1066666666666665
14,84,3,2.8825000000000003
14,88,3,0.7000000000000002
14,92,3,8.585
14,96,3,2.395
14,100,3,9.329999999999998
14,102,3,5.345000000000001
14,108,3,8.235
14,116,3,1.0399999999999998
14,118,3,2.6925
14,120,3,2.95
14,124,3,1.67
14,126,3,8.991666666666665
14,130,3,5.565000000000001
14,132,3,4.855
14,140,3,4.933333333333333
14,146,3,4.26
14,152,3,3.4599999999999995
14,156,3,4.2775
14,160,3,2.265
14,164,3,5.329999999999999
15,2,3,0.73
15,8,3,16.125
15,12,3,3.936666666666667
15,14,3,2.01
15,16,3,4.075
15,20,3,0.0849999999999999
15,22,3,4.21125
15,24,3,2.505
15,26,3,5.585
15,30,3,6.07
15,34,3,0.8200000000000001
15,40,3,10.98
15,42,3,16.490000000000002
15,52,3,4.1000000000000005
15,54,3,5.760000000000001
15,56,3,0.0
15,60,3,1.5875
15,62,3,9.805
15,64,3,3.2300000000000004
15,68,3,7.0425
15,70,3,4.59
15,72,3,0.8575000000000002
15,74,3,4.24
15,78,3,2.905
15,80,3,3.94
15,82,3,9.0
15,84,3,5.09
15,86,3,4.785
15,88,3,12.825
15,90,3,2.585
15,92,3,4.737499999999999
15,94,3,2.27
15,96,3,1.225
15,98,3,3.0749999999999997
15,106,3,2.205
15,108,3,8.3525
15,110,3,5.075
15,112,3,10.165
15,116,3,1.33
15,118,3,6.525
15,120,3,2.395
15,122,3,0.645
15,128,3,7.824999999999998
15,132,3,2.555
15,136,3,15.319999999999997
15,146,3,2.185
15,150,3,6.315
15,154,3,3.99
15,160,3,0.435
15,164,3,4.5375000000000005
15,166,3,2.215
16,0,3,8.415
16,6,3,5.344999999999999
16,12,3,2.5200000000000005
16,20,3,2.865
16,22,3,5.505000000000001
16,24,3,0.2399999999999997
16,26,3,3.58
16,30,3,1.67
16,34,3,2.195
16,36,3,4.245
16,38,3,8.765
16,40,3,6.995
16,42,3,3.1324999999999994
16,48,3,3.255
16,54,3,6.720000000000001
16,58,3,1.9633333333333336
16,60,3,9.285
16,72,3,4.57
16,74,3,1.2025
16,76,3,1.435
16,80,3,6.145
16,82,3,6.2250000000000005
16,84,3,5.66
16,86,3,5.630000000000001
16,88,3,0.3649999999999997
16,94,3,1.5899999999999996
16,96,3,11.26
16,102,3,4.124999999999999
16,110,3,3.1125000000000003
16,112,3,8.75
16,120,3,5.245
16,122,3,1.805
16,124,3,-0.2374999999999998
16,132,3,3.78
16,134,3,3.1950000000000003
16,136,3,6.529999999999999
16,142,3,0.8999999999999999
16,144,3,4.295
16,148,3,0.08
16,150,3,4.485
16,154,3,-0.0099999999999997
16,164,3,5.445
17,0,3,4.7250000000000005
17,4,3,4.473333333333334
17,6,3,1.085
17,8,3,5.885
17,10,3,1.4050000000000002
17,22,3,5.004999999999999
17,24,3,5.654999999999999
17,32,3,8.05
17,36,3,1.605
17,40,3,0.1899999999999999
17,42,3,7.852499999999999
17,44,3,2.3950000000000005
17,48,3,4.6525
17,52,3,2.41
17,54,3,5.852500000000001
17,64,3,1.275
17,70,3,5.86
17,72,3,5.355
17,74,3,1.91
17,76,3,4.535
17,84,3,1.67
17,90,3,1.585
17,98,3,6.26
17,100,3,-0.0499999999999998
17,102,3,-0.6699999999999999
17,106,3,1.7200000000000002
17,108,3,2.9650000000000003
17,110,3,1.035
17,116,3,5.015000000000001
17,118,3,7.9
17,122,3,1.14
17,124,3,0.0649999999999999
17,130,3,7.33
17,136,3,2.01
17,142,3,4.4
17,144,3,0.4299999999999999
17,150,3,5.17
17,158,3,6.324999999999999
17,162,3,3.4
17,166,3,8.635000000000002
52,144,3,5.84
52,152,3,5.26
52,158,3,4.13
52,160,3,2.265
52,162,3,0.355
1,0,4,6.210000000000001
1,2,4,5.640000000000001
1,4,4,1.6900000000000002
1,6,4,3.70625
1,8,4,9.935
1,10,4,6.415000000000001
1,14,4,2.47
1,16,4,1.5699999999999998
1,22,4,4.055
1,24,4,2.1899999999999995
1,30,4,10.445
1,34,4,1.22
1,42,4,2.13
1,44,4,4.165
1,46,4,7.045
1,48,4,7.97
1,52,4,5.76
1,68,4,1.87
1,72,4,3.45
1,78,4,1.905
1,82,4,3.01
1,88,4,4.6850000000000005
1,90,4,10.38
1,92,4,2.28
1,94,4,2.33
1,96,4,1.6649999999999998
1,100,4,2.2
1,102,4,3.0925
1,104,4,2.285
1,106,4,6.295
1,110,4,1.215
1,114,4,3.63
1,126,4,7.32
1,134,4,6.440000000000001
1,138,4,1.36
1,140,4,-0.355
1,142,4,1.7599999999999998
1,144,4,5.88
1,146,4,9.614999999999998
1,152,4,5.732500000000001
1,158,4,-0.5349999999999997
1,160,4,18.880000000000003
1,162,4,2.3500000000000005
1,164,4,7.96
1,166,4,8.425
2,2,4,0.92
2,6,4,8.184999999999999
2,8,4,6.447500000000001
2,10,4,6.532500000000001
2,14,4,-0.4200000000000004
2,16,4,4.845000000000001
2,20,4,1.86
2,22,4,2.3875
2,26,4,1.505
2,30,4,7.435
2,36,4,5.59
2,46,4,2.38
2,52,4,3.225
2,54,4,5.300000000000001
2,58,4,6.695
2,62,4,3.32
2,64,4,1.1599999999999997
2,66,4,1.5450000000000002
2,70,4,3.2725
2,72,4,3.6675
2,76,4,2.1083333333333334
2,86,4,3.215
2,90,4,5.645
2,94,4,3.5550000000000006
2,96,4,2.826666666666666
2,110,4,5.25
2,112,4,15.12
2,114,4,0.895
2,116,4,9.88
2,118,4,4.92
2,120,4,5.875
2,124,4,1.11
2,126,4,5.75
2,130,4,1.1800000000000002
2,138,4,1.48
2,140,4,3.985
2,142,4,3.3800000000000003
2,144,4,10.145
2,148,4,4.390000000000001
2,152,4,0.3999999999999999
2,154,4,2.3050000000000006
2,158,4,7.374999999999999
2,160,4,4.14
2,162,4,8.39
2,164,4,0.0350000000000001
2,166,4,10.025
3,4,4,3.6600000000000006
3,8,4,4.4875
3,18,4,10.88875
3,20,4,4.57
3,22,4,3.951666666666666
3,28,4,10.04
3,30,4,1.6449999999999998
3,32,4,10.38
3,34,4,3.063333333333333
3,36,4,1.375
3,40,4,10.474999999999998
3,42,4,10.315
3,44,4,1.2599999999999998
3,50,4,3.2375000000000003
3,52,4,7.205000000000002
3,54,4,5.055000000000001
3,62,4,1.44
3,64,4,2.665
3,66,4,-0.1600000000000001
3,68,4,0.6749999999999998
3,80,4,6.0475
3,82,4,1.455
3,86,4,1.0850000000000002
3,90,4,3.335
3,92,4,2.7
3,94,4,-0.2549999999999999
3,98,4,5.670000000000001
3,100,4,2.2299999999999995
3,108,4,4.694999999999999
3,110,4,1.65
3,120,4,3.453333333333333
3,124,4,7.685
3,126,4,6.115
3,132,4,8.29
3,134,4,4.414999999999999
3,140,4,3.345
3,142,4,0.7449999999999999
3,144,4,3.87
3,150,4,1.21
3,152,4,4.300000000000001
3,162,4,2.7100000000000004
3,164,4,4.1000000000000005
3,166,4,3.461666666666668
4,8,4,10.585
4,12,4,4.67
4,16,4,11.325
4,18,4,0.925
4,20,4,10.665
4,22,4,1.05
4,24,4,3.4450000000000007
4,28,4,1.645
4,30,4,6.145
4,36,4,5.04
4,38,4,2.22
4,46,4,6.392499999999999
4,48,4,8.149999999999999
4,52,4,2.17
4,54,4,4.525
4,56,4,1.065
4,60,4,4.035
4,64,4,6.065
4,66,4,5.335
4,68,4,5.3175
4,74,4,-0.0299999999999998
4,78,4,2.735
4,84,4,12.685
4,86,4,3.815
4,90,4,3.77
4,92,4,7.91
4,96,4,4.725
4,104,4,11.63
4,118,4,18.65
4,122,4,10.61
4,126,4,0.3200000000000003
4,132,4,2.915
4,134,4,2.975
4,136,4,1.45
4,142,4,1.84
4,144,4,1.3249999999999995
4,150,4,3.3833333333333333
4,152,4,7.945
4,154,4,3.265
5,2,4,5.242500000000001
5,4,4,0.52
5,14,4,0.3799999999999999
5,16,4,8.3775
5,18,4,5.227499999999999
5,22,4,2.8525
5,24,4,0.1699999999999997
5,26,4,3.62
5,28,4,7.605
5,30,4,10.395
5,36,4,5.615
5,38,4,2.105
5,40,4,1.7399999999999998
5,42,4,6.73
5,46,4,3.1075000000000004
5,50,4,0.3399999999999998
5,52,4,1.24
5,54,4,3.5500000000000003
5,58,4,1.275
5,62,4,17.105
5,64,4,5.94
5,70,4,6.978333333333333
5,72,4,5.17
5,78,4,5.79
5,80,4,11.5075
5,82,4,0.375
5,92,4,1.6450000000000002
5,108,4,0.9249999999999998
5,110,4,6.475
5,112,4,10.07
5,114,4,6.18
5,118,4,5.9575000000000005
5,122,4,2.8875
5,126,4,4.795
5,128,4,3.7625
5,138,4,2.3475
5,142,4,3.1125000000000003
5,144,4,6.660000000000001
5,154,4,0.8500000000000003
5,156,4,1.0100000000000002
5,158,4,0.6200000000000001
5,164,4,7.165
6,4,4,3.9375
6,6,4,1.083333333333333
6,8,4,3.1533333333333338
6,10,4,2.14
6,12,4,3.5649999999999995
6,14,4,4.3075
6,18,4,5.255
6,20,4,4.065
6,30,4,1.7725
6,34,4,2.435
6,36,4,1.215
6,38,4,1.6400000000000003
6,40,4,4.165
6,42,4,7.355
6,44,4,2.245
6,50,4,2.58
6,52,4,9.79
6,54,4,2.615
6,58,4,7.235
6,62,4,3.475
6,66,4,15.66
6,68,4,4.0925
6,70,4,3.3350000000000004
6,72,4,2.065
6,82,4,0.6224999999999998
6,84,4,7.675000000000001
6,86,4,4.325
6,94,4,3.0450000000000004
6,96,4,8.530000000000001
6,100,4,5.765000000000001
6,106,4,3.4625000000000004
6,110,4,1.98
6,116,4,1.005
6,118,4,1.4249999999999998
6,120,4,1.4049999999999998
6,122,4,8.27
6,124,4,0.885
6,128,4,0.875
6,130,4,13.480000000000002
6,134,4,5.6433333333333335
6,138,4,2.1
6,140,4,7.245
6,146,4,6.505
6,150,4,2.5483333333333333
6,152,4,6.1000000000000005
6,154,4,5.109999999999999
6,156,4,3.2349999999999994
6,160,4,1.93
6,164,4,5.0600000000000005
6,166,4,3.119999999999999
7,0,4,7.235
7,4,4,1.5449999999999997
7,10,4,1.725
7,12,4,-0.435
7,16,4,18.97
7,18,4,0.605
7,20,4,-0.5
7,22,4,9.28
7,24,4,2.51
7,28,4,5.825
7,32,4,-0.4399999999999999
7,34,4,0.5999999999999999
7,38,4,2.58
7,40,4,4.875
7,46,4,1.91
7,54,4,4.765
7,62,4,3.3525
7,64,4,6.625
7,68,4,3.4125
7,74,4,7.575000000000001
7,76,4,0.5750000000000002
7,80,4,0.7149999999999999
7,86,4,0.8900000000000001
7,96,4,1.06
7,98,4,1.645
7,102,4,1.3149999999999995
7,104,4,0.5599999999999998
7,106,4,3.615
7,108,4,0.5249999999999999
7,112,4,2.455
7,118,4,7.2725
7,130,4,2.5200000000000005
7,140,4,2.03
7,142,4,0.865
7,144,4,5.444999999999999
7,146,4,5.73
7,160,4,0.9349999999999996
7,162,4,4.710000000000001
7,164,4,3.175
8,2,4,0.5149999999999999
8,4,4,4.425000000000001
8,6,4,0.8449999999999998
8,8,4,1.6049999999999998
8,10,4,2.888333333333333
8,12,4,7.582499999999999
8,24,4,4.781666666666667
8,28,4,1.215
8,36,4,1.465
8,42,4,6.940000000000001
8,50,4,5.99
8,58,4,0.7749999999999999
8,60,4,8.59
8,66,4,2.01
8,68,4,2.8183333333333334
8,72,4,2.0650000000000004
8,74,4,5.19
8,76,4,4.545
8,78,4,1.505
8,84,4,7.859999999999999
8,86,4,3.6
8,88,4,6.945
8,90,4,8.274999999999999
8,92,4,4.5075
8,94,4,5.464999999999998
8,98,4,0.2199999999999997
8,100,4,7.625000000000001
8,102,4,5.625
8,104,4,7.550000000000001
8,106,4,-0.5350000000000001
8,108,4,3.8325
8,110,4,1.84
8,112,4,4.075
8,114,4,6.31
8,116,4,5.85
8,122,4,1.845
8,124,4,5.984999999999999
8,126,4,12.81
8,130,4,2.41
8,132,4,1.7525000000000002
8,144,4,5.21
8,146,4,2.195
8,148,4,5.815
8,150,4,2.053333333333333
8,154,4,2.5650000000000004
8,156,4,10.29
8,158,4,3.565
8,160,4,-0.1599999999999997
8,164,4,3.9825
9,0,4,13.865
9,6,4,6.19
9,10,4,2.505
9,12,4,4.94
9,16,4,10.305
9,20,4,3.1225
9,24,4,1.97
9,28,4,3.095
9,32,4,2.205
9,34,4,1.415
9,36,4,2.9250000000000003
9,42,4,5.069999999999999
9,46,4,5.945
9,48,4,2.085
9,52,4,3.3675
9,58,4,0.3200000000000003
9,62,4,6.680000000000001
9,70,4,5.664999999999999
9,72,4,2.515
9,76,4,8.745000000000001
9,78,4,2.9400000000000004
9,82,4,0.8799999999999999
9,86,4,1.1050000000000002
9,88,4,6.520000000000001
9,98,4,5.591666666666666
9,100,4,1.5900000000000003
9,102,4,5.315
9,106,4,8.485
9,108,4,2.475
9,110,4,1.95
9,114,4,3.63
9,118,4,4.048333333333333
9,120,4,2.885
9,126,4,2.895
9,132,4,-0.4049999999999998
9,136,4,9.775
9,138,4,1.995
9,144,4,2.505
9,148,4,5.43
9,152,4,5.07
9,154,4,8.155
9,156,4,6.82
9,158,4,6.2
9,162,4,0.7999999999999998
9,164,4,0.7649999999999997
10,0,4,1.2
10,4,4,4.8325
10,8,4,7.865
10,12,4,3.89
10,20,4,2.4250000000000003
10,22,4,2.995
10,32,4,7.443333333333334
10,38,4,18.225
10,40,4,7.31
10,46,4,3.0250000000000004
10,48,4,7.014999999999999
10,50,4,10.165
10,58,4,1.2400000000000002
10,60,4,6.34
10,62,4,3.3666666666666667
10,68,4,1.4050000000000002
10,70,4,0.635
10,72,4,2.1750000000000003
10,74,4,4.752500000000001
10,76,4,4.605
10,80,4,2.49
10,88,4,4.915
10,90,4,2.195
10,92,4,0.36
10,94,4,6.185
10,96,4,4.19
10,98,4,2.6900000000000004
10,100,4,2.64
10,104,4,5.775
10,106,4,0.2100000000000002
10,110,4,5.699999999999999
10,112,4,6.5875
10,114,4,0.9525
10,116,4,2.6299999999999994
10,118,4,2.9850000000000003
10,120,4,2.2350000000000003
10,124,4,1.97
10,128,4,4.734999999999999
10,134,4,1.8975
10,138,4,1.1350000000000002
10,140,4,0.4300000000000001
10,142,4,3.6
10,144,4,3.71
10,152,4,10.335
10,156,4,6.035
10,158,4,1.3125
10,162,4,5.359999999999999
11,2,4,-0.3599999999999999
11,6,4,10.9525
11,8,4,8.905
11,12,4,7.59
11,14,4,-0.33
11,16,4,4.855
11,18,4,1.1124999999999998
11,24,4,2.335
11,32,4,9.265
11,34,4,5.36
11,40,4,0.585
11,42,4,1.6900000000000002
11,48,4,3.6800000000000006
11,50,4,3.9675
11,54,4,6.24
11,56,4,7.199999999999999
11,60,4,6.7225
11,64,4,5.7425
11,78,4,3.615
11,80,4,5.07
11,84,4,3.7375
11,86,4,0.9500000000000002
11,88,4,2.125
11,92,4,3.815
11,96,4,3.2125
11,100,4,4.404999999999999
11,102,4,9.775
11,104,4,13.98
11,106,4,3.82
11,108,4,2.64
11,112,4,4.432500000000001
11,116,4,5.375
11,118,4,12.755
11,120,4,2.583333333333333
11,122,4,2.0133333333333336
11,124,4,4.140000000000001
11,126,4,2.76
11,128,4,8.285
11,136,4,1.58
11,138,4,2.275
11,140,4,2.475
11,144,4,0.2950000000000001
11,146,4,0.3899999999999999
11,148,4,3.7425
11,150,4,2.42
11,156,4,4.7125
11,158,4,3.79
11,162,4,10.805
11,166,4,5.805
12,2,4,7.645
12,4,4,5.625
12,8,4,5.334999999999999
12,14,4,3.5725
12,16,4,7.985
12,18,4,4.388333333333333
12,20,4,0.6799999999999999
12,22,4,1.8500000000000003
12,26,4,8.024999999999999
12,32,4,1.345
12,34,4,2.84
12,42,4,4.62
12,46,4,-0.4049999999999998
12,48,4,1.5
12,50,4,3.770000000000001
12,52,4,0.8400000000000003
12,54,4,4.408333333333334
12,60,4,7.124999999999999
12,62,4,1.465
12,64,4,7.389999999999999
12,70,4,5.629999999999999
12,74,4,2.9775
12,76,4,5.0200000000000005
12,78,4,1.6174999999999995
12,80,4,9.63
12,82,4,0.5150000000000001
12,86,4,1.6125
12,88,4,1.2675
12,92,4,1.3550000000000002
12,94,4,2.6149999999999998
12,96,4,4.125
12,98,4,0.7150000000000003
12,100,4,4.115
12,102,4,3.2275
12,104,4,1.3450000000000002
12,114,4,4.185
12,118,4,9.655
12,122,4,1.175
12,126,4,3.6025
12,130,4,2.8649999999999998
12,132,4,3.1
12,134,4,8.120000000000001
12,138,4,1.435
12,140,4,4.105
12,142,4,0.4849999999999999
12,148,4,7.747499999999999
12,150,4,3.94
12,152,4,4.567500000000001
12,154,4,1.335
12,156,4,1.975
12,160,4,2.005
13,6,4,2.585
13,8,4,1.1799999999999995
13,10,4,6.77
13,12,4,1.8475
13,16,4,8.53
13,20,4,6.085
13,24,4,3.5250000000000004
13,26,4,2.9799999999999995
13,28,4,4.630000000000001
13,34,4,1.065
13,42,4,1.83
13,50,4,3.56
13,52,4,4.33
13,54,4,9.44
13,58,4,5.779999999999999
13,62,4,2.58
13,66,4,0.8499999999999999
13,70,4,5.57
13,72,4,3.145
13,74,4,7.4
13,78,4,9.435
13,82,4,3.5449999999999995
13,86,4,3.415
13,88,4,1.215
13,90,4,0.7850000000000001
13,92,4,4.49
13,96,4,2.03
13,98,4,2.685
13,100,4,2.195
13,108,4,2.705
13,116,4,8.955
13,122,4,7.94
13,128,4,7.699999999999999
13,134,4,1.995
13,138,4,9.54
13,144,4,0.455
13,148,4,0.2099999999999999
13,152,4,13.295000000000002
13,156,4,3.0383333333333336
13,158,4,0.8849999999999998
13,162,4,4.2275
13,166,4,5.775
14,0,4,4.8825
14,6,4,3.2925000000000004
14,8,4,2.835
14,10,4,3.78
14,12,4,1.335
14,16,4,3.2350000000000003
14,18,4,3.455
14,24,4,1.345
14,26,4,7.07
14,32,4,6.8925
14,34,4,2.025
14,38,4,3.12
14,44,4,1.405
14,48,4,0.7199999999999998
14,52,4,7.880000000000001
14,56,4,9.975
14,62,4,4.73
14,72,4,1.39
14,74,4,2.4800000000000004
14,80,4,3.6825
14,84,4,0.3599999999999999
14,86,4,3.17
14,88,4,1.415
14,90,4,17.18
14,94,4,1.6666666666666667
14,96,4,2.1650000000000005
14,102,4,3.4850000000000003
14,110,4,1.44
14,112,4,0.9949999999999996
14,114,4,11.95
14,116,4,4.565
14,118,4,3.850000000000001
14,120,4,5.115
14,124,4,0.2599999999999998
14,136,4,3.67
14,140,4,7.154999999999999
14,144,4,2.95
14,146,4,4.62
14,156,4,6.3025
14,158,4,3.0650000000000004
14,160,4,4.82
14,164,4,7.399999999999999
14,166,4,6.0875
15,0,4,1.7699999999999996
15,2,4,5.7975
15,8,4,4.165
15,10,4,3.91
15,12,4,7.845
15,14,4,4.0975
15,18,4,3.815
15,24,4,4.45
15,26,4,6.465000000000001
15,28,4,2.175
15,30,4,1.365
15,32,4,1.54
15,40,4,10.6925
15,44,4,4.1875
15,46,4,1.4800000000000002
15,50,4,9.99
15,54,4,1.4300000000000002
15,56,4,1.125
15,66,4,2.135
15,68,4,5.5925
15,70,4,0.855
15,72,4,2.4800000000000004
15,74,4,2.8075
15,78,4,2.731666666666667
15,80,4,6.004999999999999
15,86,4,6.915000000000001
15,88,4,2.535
15,90,4,10.705
15,94,4,2.45
15,96,4,3.89
15,102,4,-0.165
15,104,4,13.464999999999998
15,106,4,9.44
15,110,4,2.2500000000000004
15,112,4,1.98
15,116,4,2.829999999999999
15,122,4,2.8575
15,126,4,5.640000000000001
15,132,4,-0.4450000000000003
15,134,4,2.16
15,136,4,1.6150000000000002
15,138,4,6.11
15,140,4,0.3649999999999997
15,146,4,2.8600000000000003
15,148,4,1.27
15,150,4,5.484999999999999
15,152,4,2.4075
15,154,4,2.3125
15,156,4,2.3825
15,158,4,0.7450000000000001
15,162,4,3.5025
15,164,4,1.11
17,0,4,3.1299999999999994
17,8,4,1.6549999999999998
17,12,4,1.6949999999999998
17,14,4,4.244999999999999
17,16,4,14.95
17,18,4,1.5299999999999998
17,22,4,7.74
17,24,4,4.825
17,30,4,5.779999999999999
17,32,4,2.53
17,34,4,3.535
17,36,4,5.294999999999999
17,38,4,1.7600000000000002
17,40,4,1.535
17,44,4,2.1900000000000004
17,48,4,4.778333333333333
17,50,4,2.3200000000000003
17,56,4,7.065000000000001
17,60,4,3.4325
17,64,4,4.555
17,66,4,8.01
17,68,4,4.705
17,70,4,3.2300000000000004
17,72,4,3.87
17,76,4,4.945000000000001
17,78,4,1.0975
17,80,4,7.164999999999999
17,82,4,3.53
17,84,4,8.2025
17,92,4,6.775
17,94,4,7.405000000000001
17,96,4,2.16
17,108,4,1.6350000000000002
17,110,4,4.26
17,112,4,0.125
17,114,4,1.2899999999999996
17,118,4,1.4500000000000002
17,124,4,4.545
17,126,4,1.625
17,128,4,5.779999999999999
17,130,4,3.99
17,132,4,3.7125
17,134,4,4.66
17,136,4,5.145
17,138,4,1.925
17,146,4,0.4699999999999997
17,148,4,5.047499999999999
17,150,4,0.94
17,156,4,0.8549999999999998
17,158,4,0.6399999999999997
17,160,4,5.665
17,166,4,2.1625
52,146,4,3.055
52,148,4,5.15
52,156,4,9.23
52,160,4,6.1975
52,166,4,1.44
1,0,5,6.44
1,2,5,2.645
1,4,5,0.8699999999999999
1,6,5,4.165
1,8,5,3.17
1,18,5,1.19
1,20,5,0.9416666666666664
1,22,5,4.55
1,40,5,0.1200000000000001
1,44,5,1.81
1,46,5,0.5750000000000002
1,48,5,2.465
1,50,5,5.17
1,54,5,1.7999999999999998
1,56,5,6.33
1,60,5,4.505
1,66,5,2.8550000000000004
1,70,5,2.745
1,72,5,0.8099999999999998
1,76,5,1.6799999999999995
1,82,5,2.6700000000000004
1,84,5,1.1949999999999998
1,86,5,6.84
1,90,5,2.845
1,92,5,1.58
1,96,5,2.9350000000000005
1,100,5,5.1625
1,106,5,3.135
1,108,5,7.074999999999999
1,110,5,5.695
1,116,5,0.4250000000000002
1,118,5,5.165000000000001
1,124,5,2.54
1,130,5,3.805
1,140,5,1.94
1,142,5,5.27
1,144,5,2.875
1,148,5,1.8600000000000003
1,154,5,3.16125
1,156,5,5.215
1,160,5,-0.2199999999999997
1,166,5,0.9600000000000002
2,2,5,4.10375
2,4,5,6.98
2,6,5,5.334999999999999
2,8,5,1.6399999999999997
2,14,5,3.939999999999999
2,20,5,4.0600000000000005
2,22,5,1.7800000000000002
2,24,5,3.68
2,26,5,1.765
2,30,5,2.4675
2,32,5,2.955
2,38,5,9.645
2,42,5,11.455000000000002
2,44,5,2.5450000000000004
2,46,5,2.26
2,50,5,1.8200000000000005
2,52,5,1.145
2,60,5,1.4216666666666669
2,64,5,7.574999999999999
2,66,5,4.925000000000001
2,68,5,2.34
2,72,5,1.29
2,84,5,5.979999999999999
2,88,5,1.06
2,90,5,1.87
2,94,5,3.5250000000000004
2,98,5,11.195
2,100,5,7.705
2,106,5,2.42
2,108,5,6.467499999999999
2,114,5,4.965
2,122,5,3.486666666666667
2,124,5,5.4625
2,132,5,6.785
2,136,5,9.3075
2,138,5,0.1700000000000003
2,144,5,4.58
2,148,5,3.2350000000000003
2,152,5,2.635
2,166,5,4.625
3,0,5,2.3200000000000003
3,4,5,2.205
3,8,5,5.155
3,10,5,0.8999999999999999
3,14,5,5.695
3,16,5,4.765000000000001
3,20,5,5.654999999999999
3,22,5,3.9700000000000006
3,24,5,0.9600000000000002
3,26,5,1.465
3,30,5,2.5649999999999995
3,32,5,0.835
3,36,5,1.6599999999999997
3,38,5,4.48
3,50,5,0.1400000000000001
3,56,5,3.69
3,58,5,1.935
3,62,5,3.2566666666666664
3,64,5,6.8325000000000005
3,70,5,3.803333333333333
3,78,5,5.575000000000001
3,82,5,3.5416666666666665
3,90,5,6.736666666666667
3,92,5,2.885
3,100,5,2.0250000000000004
3,104,5,9.465
3,106,5,4.44
3,108,5,5.17
3,110,5,0.1899999999999999
3,120,5,1.0650000000000004
3,126,5,12.035
3,128,5,9.965
3,134,5,5.365
3,136,5,1.9650000000000003
3,142,5,6.57
3,146,5,3.705
3,148,5,0.8349999999999997
3,150,5,9.6
3,154,5,4.324999999999999
3,156,5,5.1325
3,158,5,4.53
3,160,5,7.2775
3,164,5,4.23
3,166,5,6.710000000000001
4,4,5,1.88
4,8,5,1.5775
4,16,5,2.4650000000000007
4,18,5,7.789999999999999
4,20,5,-0.3500000000000001
4,22,5,3.3
4,32,5,4.52
4,34,5,0.76
4,36,5,3.58
4,40,5,2.43
4,42,5,5.63
4,46,5,1.765
4,48,5,1.63
4,56,5,-0.4650000000000003
4,58,5,2.965
4,60,5,4.0175
4,62,5,4.762499999999999
4,66,5,2.235
4,70,5,3.5200000000000005
4,74,5,4.6675
4,80,5,7.4975
4,82,5,2.885
4,84,5,5.665000000000001
4,86,5,3.85
4,92,5,0.9499999999999998
4,96,5,17.185
4,98,5,3.14
4,102,5,3.8375
4,106,5,0.1799999999999997
4,108,5,1.0425
4,110,5,6.959999999999999
4,112,5,0.855
4,114,5,11.1025
4,118,5,1.4800000000000002
4,124,5,4.565
4,126,5,5.33
4,128,5,5.9725
4,130,5,4.305
4,132,5,7.437500000000001
4,136,5,6.205
4,138,5,1.645
4,144,5,4.62
4,148,5,5.050000000000001
4,152,5,12.5075
4,154,5,4.87
4,156,5,0.56
4,158,5,1.9475
4,160,5,1.42
5,0,5,10.0
5,2,5,5.77
5,6,5,7.3875
5,12,5,2.8825
5,18,5,2.05
5,20,5,2.58
5,22,5,2.5100000000000007
5,24,5,2.625
5,32,5,0.395
5,38,5,2.875
5,42,5,3.92625
5,46,5,7.63
5,52,5,4.59
5,54,5,7.385
5,56,5,3.29
5,58,5,5.393333333333334
5,62,5,6.029999999999999
5,64,5,0.4549999999999998
5,70,5,-0.3900000000000001
5,72,5,3.9525
5,76,5,1.6800000000000002
5,78,5,4.065
5,80,5,1.075
5,82,5,1.5
5,86,5,1.3850000000000002
5,92,5,1.0875
5,104,5,-0.8849999999999998
5,106,5,2.58
5,110,5,2.0333333333333337
5,112,5,8.78
5,114,5,1.12
5,116,5,7.612500000000001
5,122,5,2.98
5,124,5,1.65
5,126,5,5.76
5,130,5,7.4700000000000015
5,138,5,0.5050000000000001
5,140,5,1.75
5,142,5,9.32
5,144,5,0.2749999999999999
5,148,5,0.91
5,152,5,6.636666666666668
5,156,5,4.41
5,158,5,4.390000000000001
5,162,5,2.535
6,0,5,4.045
6,4,5,7.105
6,6,5,2.645
6,12,5,2.26
6,14,5,4.8566666666666665
6,16,5,5.4350000000000005
6,18,5,2.8125
6,22,5,1.95
6,34,5,4.715
6,36,5,4.213333333333334
6,42,5,8.71875
6,44,5,4.785
6,48,5,5.0525
6,50,5,4.343333333333333
6,62,5,5.745000000000001
6,64,5,0.925
6,70,5,2.555
6,74,5,6.845
6,78,5,4.88875
6,84,5,8.099999999999998
6,86,5,2.0925
6,88,5,10.095
6,94,5,5.809999999999999
6,98,5,4.965
6,104,5,7.739999999999999
6,110,5,7.485
6,114,5,11.025
6,118,5,11.195
6,132,5,2.6900000000000004
6,142,5,5.75
6,148,5,0.7650000000000001
6,150,5,2.7949999999999995
6,152,5,14.509999999999998
6,154,5,5.567499999999999
6,158,5,0.9500000000000002
6,160,5,6.379999999999999
6,164,5,3.4883333333333333
7,0,5,6.41
7,4,5,1.71
7,10,5,0.385
7,12,5,3.565
7,16,5,4.2075
7,18,5,18.3
7,22,5,6.335
7,24,5,3.16
7,28,5,3.78
7,30,5,4.77
7,32,5,3.898333333333333
7,44,5,4.875
7,46,5,5.885
7,62,5,2.64
7,64,5,4.4725
7,66,5,1.84
7,68,5,2.6900000000000004
7,70,5,1.305
7,72,5,5.192499999999999
7,74,5,5.949999999999999
7,76,5,2.2875
7,80,5,7.16
7,82,5,1.7599999999999998
7,84,5,2.58
7,86,5,0.5900000000000003
7,88,5,7.705000000000001
7,90,5,9.92
7,94,5,8.805
7,96,5,2.5700000000000003
7,100,5,2.385
7,102,5,2.955
7,104,5,10.795
7,108,5,6.609999999999999
7,112,5,17.41
7,114,5,18.07
7,116,5,1.995
7,126,5,0.02
7,128,5,8.21
7,130,5,4.254999999999999
7,132,5,6.6825
7,136,5,9.555
7,138,5,5.419999999999999
7,140,5,3.485
7,142,5,9.265
7,146,5,3.3550000000000004
7,150,5,10.8175
7,152,5,11.155
7,154,5,2.09
7,156,5,3.2250000000000005
7,158,5,3.4799999999999995
7,162,5,15.085
7,164,5,1.965
8,0,5,6.779999999999999
8,8,5,1.77
8,10,5,4.470000000000001
8,14,5,1.405
8,16,5,16.357499999999998
8,22,5,0.885
8,28,5,6.444999999999999
8,30,5,4.949999999999999
8,32,5,4.616666666666666
8,36,5,5.735
8,38,5,8.945
8,40,5,2.265
8,44,5,0.7466666666666666
8,46,5,3.585
8,48,5,0.7849999999999999
8,50,5,3.565
8,52,5,2.095
8,54,5,2.33
8,58,5,5.049999999999999
8,60,5,8.485
8,68,5,2.8925
8,70,5,8.985
8,72,5,5.115
8,80,5,3.181666666666666
8,84,5,3.8925
8,88,5,6.864999999999999
8,90,5,-0.3850000000000002
8,98,5,10.825
8,100,5,2.9799999999999995
8,106,5,2.3999999999999995
8,108,5,8.295000000000002
8,110,5,12.485
8,114,5,5.4325
8,116,5,3.4399999999999995
8,118,5,8.9175
8,124,5,4.855
8,126,5,4.3475
8,128,5,7.694999999999999
8,130,5,4.797499999999999
8,142,5,2.065
8,146,5,2.905
8,156,5,3.6575
8,160,5,0.7125000000000001
8,162,5,1.025
8,166,5,2.285
9,2,5,1.605
9,4,5,-0.3249999999999997
9,6,5,6.538333333333334
9,10,5,0.8500000000000001
9,12,5,8.075
9,16,5,6.9275
9,24,5,2.975
9,26,5,2.06
9,32,5,2.9250000000000003
9,34,5,3.67
9,36,5,5.285
9,38,5,3.25
9,40,5,10.42
9,42,5,3.810000000000001
9,46,5,4.46
9,48,5,2.1950000000000003
9,50,5,1.915
9,54,5,6.680000000000001
9,56,5,3.905
9,58,5,2.67
9,62,5,6.4175
9,66,5,2.9849999999999994
9,74,5,2.545
9,76,5,1.5825000000000002
9,78,5,6.055
9,80,5,2.635
9,84,5,1.38
9,88,5,7.935
9,94,5,9.095
9,100,5,2.655
9,102,5,4.565
9,104,5,4.244999999999999
9,110,5,1.32
9,112,5,0.91
9,114,5,1.79
9,116,5,3.2425
9,118,5,3.7275
9,120,5,1.045
9,122,5,4.485
9,128,5,0.7149999999999999
9,132,5,4.57
9,134,5,11.065
9,136,5,9.6325
9,142,5,8.184999999999999
9,144,5,1.71
9,152,5,5.754999999999999
9,154,5,2.16
9,156,5,6.775
9,160,5,1.3
9,164,5,7.419999999999999
10,0,5,5.3175
10,4,5,2.0
10,10,5,-0.02
10,16,5,8.9725
10,18,5,10.715
10,22,5,15.57
10,24,5,8.805
10,28,5,-1.0500000000000005
10,32,5,1.87
10,34,5,1.13
10,38,5,1.96
10,40,5,10.425
10,46,5,3.7775
10,48,5,0.2549999999999999
10,50,5,2.12
10,56,5,0.2950000000000001
10,60,5,2.2525
10,66,5,5.055000000000001
10,68,5,2.105
10,70,5,1.7000000000000002
10,72,5,5.225
10,74,5,1.1149999999999998
10,76,5,2.865
10,78,5,0.7200000000000002
10,82,5,1.54
10,84,5,7.955
10,86,5,6.4825
10,88,5,-0.6599999999999997
10,90,5,8.745000000000001
10,98,5,7.444999999999999
10,100,5,4.494999999999999
10,102,5,4.9475
10,104,5,1.9425
10,106,5,3.74
10,110,5,4.405
10,116,5,9.22
10,118,5,3.682499999999999
10,122,5,1.8624999999999996
10,124,5,6.524999999999999
10,126,5,2.465
10,128,5,8.035
10,130,5,2.3675
10,138,5,1.85
10,140,5,1.715
10,142,5,7.367499999999999
10,144,5,2.795
10,148,5,7.0
10,152,5,11.19
10,156,5,4.055
10,166,5,2.055
12,0,5,-0.5249999999999999
12,4,5,2.93
12,6,5,5.4375
12,14,5,1.2300000000000004
12,20,5,2.6425
12,24,5,8.384999999999998
12,30,5,1.6950000000000005
12,32,5,4.7425
12,34,5,3.408333333333333
12,40,5,0.8525
12,44,5,5.971666666666667
12,48,5,0.8049999999999997
12,50,5,3.2550000000000003
12,54,5,1.3649999999999998
12,56,5,1.0550000000000002
12,58,5,8.184999999999999
12,60,5,2.253333333333333
12,64,5,3.325
12,66,5,2.1525
12,70,5,5.2575
12,76,5,4.459999999999999
12,80,5,11.884999999999998
12,82,5,3.165
12,84,5,3.0
12,94,5,7.245000000000001
12,96,5,2.373333333333333
12,102,5,11.71
12,108,5,3.2175
12,110,5,4.340000000000001
12,112,5,9.715
12,122,5,6.155
12,128,5,6.079999999999999
12,134,5,1.3050000000000002
12,136,5,-1.355
12,138,5,4.050000000000001
12,140,5,3.355
12,142,5,-0.4900000000000002
12,144,5,0.5900000000000001
12,158,5,2.935
12,162,5,9.075
13,0,5,3.74
13,2,5,3.675
13,10,5,3.315
13,14,5,0.75
13,18,5,12.7625
13,20,5,7.77
13,26,5,3.5200000000000005
13,28,5,6.885000000000001
13,30,5,3.955
13,34,5,-0.7549999999999999
13,36,5,4.28
13,40,5,2.59
13,50,5,4.965000000000001
13,52,5,5.114000000000001
13,56,5,7.359999999999999
13,58,5,6.217500000000001
13,62,5,4.51
13,64,5,3.285
13,66,5,4.0600000000000005
13,68,5,6.404999999999999
13,72,5,2.71
13,74,5,1.315
13,76,5,2.5625
13,78,5,2.745
13,80,5,8.820000000000002
13,82,5,1.895
13,84,5,4.87
13,86,5,0.7775000000000001
13,88,5,0.455
13,90,5,6.4125
13,94,5,9.7425
13,96,5,2.075
13,98,5,6.204999999999999
13,100,5,1.7600000000000002
13,102,5,8.524999999999999
13,104,5,0.5299999999999998
13,114,5,2.875
13,120,5,4.380000000000001
13,124,5,0.0950000000000002
13,128,5,0.7350000000000003
13,130,5,6.32
13,132,5,1.5999999999999996
13,136,5,11.54
13,138,5,10.365
13,140,5,1.7599999999999998
13,146,5,2.555
13,152,5,7.992500000000001
13,158,5,0.7799999999999998
13,160,5,8.5
13,162,5,2.8475
13,164,5,1.2875
14,2,5,1.0349999999999997
14,4,5,3.375
14,6,5,3.21
14,8,5,5.550000000000001
14,12,5,7.7475
14,16,5,10.425
14,24,5,2.86
14,30,5,2.195
14,32,5,5.7775
14,34,5,2.3
14,36,5,2.34
14,40,5,1.3
14,42,5,0.7149999999999999
14,46,5,5.59
14,48,5,7.215
14,50,5,7.75
14,52,5,3.73
14,56,5,2.865
14,58,5,4.862499999999999
14,60,5,1.5099999999999998
14,62,5,1.88
14,64,5,11.87625
14,66,5,9.9
14,68,5,6.09
14,70,5,2.095
14,74,5,2.615
14,76,5,6.045
14,88,5,4.44
14,90,5,1.015
14,92,5,4.84
14,94,5,6.345000000000001
14,96,5,11.53
14,108,5,1.1866666666666663
14,116,5,7.25
14,126,5,8.045000000000002
14,128,5,6.5
14,130,5,8.147499999999999
14,134,5,2.39
14,142,5,1.7699999999999998
14,144,5,6.534999999999999
14,146,5,4.279999999999999
14,150,5,3.773333333333333
14,156,5,3.0250000000000004
14,158,5,4.515000000000001
14,162,5,3.645
14,164,5,0.8800000000000001
14,166,5,2.9275
15,0,5,3.495
15,2,5,5.051666666666667
15,4,5,7.7325
15,10,5,1.8833333333333333
15,12,5,5.985
15,16,5,1.395
15,18,5,10.18
15,22,5,1.2300000000000002
15,24,5,2.64
15,28,5,1.5425
15,34,5,4.97
15,38,5,1.0775
15,42,5,0.92
15,44,5,6.615000000000001
15,46,5,0.925
15,50,5,2.0050000000000003
15,52,5,-0.2999999999999998
15,56,5,11.055
15,58,5,2.265
15,66,5,2.06
15,68,5,2.2299999999999995
15,70,5,7.625
15,74,5,0.5299999999999998
15,76,5,4.74
15,80,5,7.675
15,84,5,1.41
15,88,5,6.462499999999999
15,96,5,5.464999999999999
15,98,5,3.82
15,100,5,5.795
15,106,5,1.0725
15,108,5,13.305
15,110,5,2.625
15,112,5,0.48
15,114,5,2.435
15,116,5,3.465
15,118,5,6.529999999999999
15,120,5,1.105
15,124,5,6.844999999999999
15,128,5,1.2
15,140,5,2.9325
15,142,5,8.084999999999999
15,146,5,5.38
15,152,5,-0.2000000000000001
15,154,5,2.3525
15,156,5,3.29
15,158,5,1.475
15,162,5,0.815
15,166,5,5.92
16,0,5,5.419999999999999
16,8,5,7.07
16,10,5,5.328333333333333
16,12,5,2.05
16,18,5,2.2150000000000003
16,20,5,7.175000000000001
16,22,5,1.925
16,32,5,12.19
16,34,5,6.561666666666667
16,36,5,4.26
16,40,5,6.2250000000000005
16,42,5,7.805
16,46,5,3.19
16,54,5,1.04
16,58,5,1.1250000000000002
16,62,5,3.8416666666666655
16,70,5,2.9799999999999995
16,78,5,1.1
16,80,5,3.818333333333333
16,84,5,2.245
16,86,5,11.75
16,88,5,2.11
16,96,5,4.17
16,104,5,3.495
16,108,5,2.805
16,110,5,6.989999999999999
16,112,5,7.4925
16,118,5,1.7300000000000002
16,122,5,5.635000000000001
16,126,5,3.0650000000000004
16,128,5,8.52
16,134,5,1.9475
16,138,5,12.384999999999998
16,142,5,4.675
16,146,5,-1.0749999999999995
16,150,5,5.9125
16,152,5,-0.1100000000000003
16,154,5,5.845000000000001
16,156,5,3.8375
16,160,5,5.01625
16,162,5,6.5875
17,0,5,7.115
17,8,5,5.864999999999999
17,12,5,1.99
17,14,5,5.29375
17,16,5,6.755000000000001
17,18,5,0.6499999999999999
17,22,5,2.045
17,32,5,8.42
17,34,5,1.5349999999999997
17,36,5,5.77
17,40,5,0.4599999999999999
17,42,5,10.135
17,44,5,2.12
17,56,5,0.7600000000000002
17,62,5,6.3100000000000005
17,64,5,4.85
17,74,5,1.9983333333333333
17,76,5,6.58125
17,78,5,0.9800000000000002
17,84,5,2.825
17,90,5,1.585
17,94,5,5.7250000000000005
17,96,5,7.262500000000001
17,102,5,2.185
17,106,5,4.64
17,110,5,5.095
17,112,5,4.1850000000000005
17,114,5,2.31
17,116,5,3.71
17,118,5,5.125
17,122,5,1.62
17,126,5,10.38
17,128,5,3.215
17,132,5,3.4450000000000003
17,134,5,4.41
17,136,5,3.765
17,140,5,4.835
17,142,5,6.514999999999999
17,146,5,0.33
17,148,5,1.335
17,152,5,9.105
17,154,5,2.9275
17,160,5,1.375
17,164,5,2.875
17,166,5,-1.0700000000000005
52,144,5,4.19
52,146,5,9.185
52,148,5,4.26
52,152,5,4.155
52,154,5,3.265000000000001
52,156,5,6.965
52,160,5,20.135
1,4,2,2.7350000000000003
1,8,2,4.319999999999999
1,10,2,5.700000000000001
1,14,2,1.46
1,24,2,1.0749999999999995
1,26,2,8.75
1,34,2,3.095
1,36,2,2.405
1,40,2,4.72
1,42,2,10.475
1,44,2,2.01
1,46,2,1.0550000000000002
1,48,2,3.2849999999999997
1,50,2,6.835
1,52,2,2.505
1,56,2,1.82
1,58,2,3.91
1,60,2,2.848333333333333
1,70,2,8.035
1,74,2,1.1700000000000002
1,76,2,6.625
1,82,2,3.1275
1,84,2,0.8799999999999999
1,86,2,4.056666666666667
1,90,2,2.375
1,92,2,7.548333333333333
1,94,2,4.59
1,96,2,6.137500000000001
1,106,2,3.03
1,108,2,6.835000000000001
1,110,2,2.185
1,112,2,2.74
1,114,2,3.13
1,118,2,1.35
1,120,2,1.61
1,122,2,0.1300000000000003
1,128,2,0.6150000000000002
1,148,2,-0.0449999999999999
1,154,2,3.605
1,158,2,5.255
1,162,2,11.685
1,166,2,2.22
2,2,2,0.71
2,4,2,1.0699999999999998
2,6,2,4.919999999999999
2,8,2,7.005000000000001
2,10,2,8.3375
2,12,2,6.5
2,14,2,3.56
2,16,2,11.135
2,18,2,6.200000000000001
2,24,2,7.620000000000001
2,26,2,9.215
2,30,2,0.9700000000000002
2,36,2,5.42
2,44,2,6.045
2,46,2,5.885
2,48,2,8.285
2,50,2,6.294999999999999
2,52,2,4.885
2,56,2,5.234999999999999
2,58,2,2.2775
2,62,2,0.8399999999999999
2,66,2,7.35
2,68,2,4.13
2,70,2,5.845000000000001
2,72,2,12.015
2,76,2,2.09
2,80,2,1.9550000000000003
2,84,2,5.77
2,90,2,1.895
2,94,2,6.635
2,96,2,7.17
2,98,2,3.1750000000000003
2,102,2,7.91
2,106,2,2.3925
2,108,2,2.8249999999999997
2,110,2,1.3450000000000002
2,114,2,0.3199999999999998
2,116,2,4.23
2,120,2,2.7675
2,122,2,0.915
2,126,2,9.215
2,128,2,8.559999999999999
2,130,2,4.33
2,132,2,5.4750000000000005
2,136,2,4.859999999999999
2,140,2,3.225
2,146,2,2.295
2,150,2,5.73
2,152,2,6.705
2,154,2,0.29
2,156,2,6.315
2,160,2,6.0600000000000005
3,0,2,3.865
3,2,2,2.22
3,4,2,15.945
3,6,2,0.4199999999999999
3,10,2,3.6875
3,12,2,1.75
3,14,2,-0.4249999999999998
3,16,2,2.585
3,18,2,2.0125
3,20,2,5.85
3,22,2,-0.6949999999999998
3,24,2,2.135
3,28,2,4.385
3,30,2,6.539999999999999
3,38,2,11.235
3,40,2,6.5825
3,42,2,9.225
3,48,2,0.2549999999999999
3,56,2,6.44
3,58,2,2.89
3,64,2,1.16
3,66,2,0.2099999999999999
3,70,2,3.275
3,72,2,5.525
3,76,2,1.3250000000000002
3,78,2,8.815000000000001
3,80,2,0.7125000000000001
3,82,2,-0.3149999999999999
3,84,2,13.8625
3,86,2,3.777
3,88,2,3.245000000000001
3,90,2,1.3450000000000002
3,96,2,6.37
3,98,2,2.05
3,100,2,1.9225
3,104,2,9.055
3,106,2,0.4549999999999998
3,110,2,1.11
3,112,2,6.905000000000001
3,114,2,3.1275
3,116,2,0.9799999999999998
3,120,2,7.370000000000001
3,128,2,2.2225
3,130,2,1.15
3,132,2,8.445
3,134,2,3.895
3,146,2,1.895
3,148,2,5.17
3,152,2,1.3250000000000002
3,154,2,5.035
3,160,2,1.61
3,166,2,3.770000000000001
4,0,2,5.805
4,6,2,0.985
4,8,2,5.36
4,10,2,0.2999999999999998
4,18,2,1.555
4,20,2,0.56
4,24,2,5.549999999999999
4,32,2,3.425
4,34,2,4.695
4,36,2,8.452499999999999
4,38,2,4.045
4,44,2,6.6450000000000005
4,48,2,1.3600000000000003
4,52,2,9.37
4,54,2,8.689999999999998
4,58,2,3.0424999999999995
4,62,2,3.735
4,66,2,8.68
4,68,2,7.234999999999999
4,74,2,6.27
4,76,2,5.425
4,78,2,3.1949999999999994
4,80,2,1.105
4,82,2,0.6499999999999999
4,88,2,1.5449999999999997
4,92,2,4.815
4,94,2,0.855
4,96,2,5.255
4,100,2,1.0550000000000002
4,114,2,3.2625
4,122,2,5.775
4,124,2,7.842499999999999
4,126,2,3.4933333333333336
4,128,2,1.9825
4,130,2,-0.0974999999999999
4,144,2,5.425000000000001
4,146,2,2.215
4,148,2,4.355
4,150,2,1.7949999999999997
4,156,2,1.9199999999999997
4,158,2,2.8549999999999995
4,160,2,2.9275
4,162,2,7.69
5,0,2,4.115
5,2,2,2.7175
5,6,2,1.1800000000000002
5,10,2,5.03375
5,12,2,5.340000000000001
5,16,2,2.675
5,22,2,3.355
5,26,2,1.895
5,28,2,3.255
5,30,2,2.97
5,34,2,1.91
5,36,2,3.04
5,38,2,5.3
5,40,2,1.4899999999999998
5,50,2,3.645
5,54,2,3.385
5,56,2,5.8500000000000005
5,58,2,5.260000000000001
5,62,2,5.879999999999999
5,64,2,0.3900000000000001
5,66,2,6.598333333333333
5,70,2,7.595
5,72,2,3.5625
5,74,2,0.405
5,76,2,0.79
5,78,2,4.381666666666667
5,84,2,4.885
5,86,2,3.3400000000000007
5,92,2,4.465
5,94,2,-0.2450000000000001
5,96,2,6.565
5,98,2,1.6999999999999995
5,100,2,1.86
5,102,2,7.969999999999999
5,104,2,9.06
5,108,2,5.7725
5,110,2,1.9525
5,112,2,6.93
5,114,2,6.970000000000001
5,118,2,5.3875
5,120,2,3.9225
5,122,2,2.38
5,124,2,5.430000000000001
5,126,2,1.87
5,128,2,7.887500000000001
5,130,2,8.370000000000001
5,134,2,3.43
5,140,2,7.359999999999999
5,148,2,2.2350000000000003
5,150,2,7.535
5,156,2,3.5700000000000003
5,158,2,3.015000000000001
5,166,2,6.864999999999999
6,0,2,3.13
6,4,2,2.6100000000000003
6,6,2,2.55
6,16,2,6.526666666666666
6,18,2,5.859999999999999
6,20,2,1.66
6,24,2,3.695
6,26,2,5.49
6,28,2,2.9625
6,32,2,4.705
6,34,2,3.3875
6,36,2,2.3199999999999994
6,38,2,7.59
6,40,2,3.77
6,42,2,4.026666666666666
6,50,2,4.452500000000001
6,52,2,4.03
6,54,2,2.975
6,56,2,3.994999999999999
6,58,2,2.635
6,60,2,2.8000000000000003
6,64,2,2.865
6,66,2,7.2725
6,68,2,4.395
6,74,2,4.904999999999999
6,80,2,3.405
6,84,2,4.994999999999999
6,86,2,0.1299999999999999
6,90,2,3.045
6,94,2,10.0475
6,98,2,2.9825000000000004
6,102,2,1.64
6,106,2,3.92
6,112,2,5.65
6,114,2,3.2325
6,118,2,3.02
6,120,2,3.94
6,122,2,0.02
6,132,2,6.715
6,134,2,9.175
6,138,2,2.925
6,140,2,5.19
6,142,2,5.71
6,144,2,5.720000000000001
6,152,2,2.935
6,154,2,0.3349999999999999
6,156,2,2.095
6,164,2,5.484999999999999
7,2,2,5.34
7,4,2,3.9725
7,8,2,2.23
7,12,2,1.975
7,14,2,0.5249999999999999
7,16,2,6.51
7,18,2,3.2100000000000004
7,22,2,0.1350000000000002
7,26,2,6.805000000000001
7,30,2,2.7
7,34,2,4.055
7,40,2,7.489999999999999
7,44,2,7.31
7,56,2,1.8300000000000003
7,60,2,3.25
7,74,2,3.8475
7,82,2,2.375
7,84,2,7.149999999999999
7,86,2,5.187499999999999
7,88,2,2.365
7,90,2,1.63
7,96,2,3.74
7,100,2,7.825000000000001
7,102,2,6.075000000000001
7,108,2,2.5966666666666667
7,114,2,4.822500000000001
7,120,2,5.695
7,122,2,7.0425
7,126,2,8.034999999999998
7,138,2,6.055
7,140,2,3.5375
7,150,2,6.42
7,152,2,0.8599999999999999
7,158,2,3.645
7,162,2,3.86
7,166,2,5.450000000000001
8,2,2,5.185
8,4,2,1.1350000000000002
8,6,2,1.855
8,8,2,2.67
8,10,2,6.289999999999999
8,12,2,1.5650000000000002
8,14,2,1.03
8,16,2,5.785
8,18,2,8.66
8,22,2,9.86
8,26,2,6.9350000000000005
8,30,2,0.9049999999999998
8,42,2,4.96
8,44,2,1.4200000000000004
8,50,2,1.915
8,52,2,5.395
8,58,2,2.475
8,64,2,3.1875
8,66,2,1.3850000000000002
8,70,2,2.925
8,72,2,1.2950000000000002
8,74,2,4.67
8,76,2,3.93
8,78,2,2.765
8,80,2,4.32
8,84,2,3.64125
8,86,2,3.11
8,88,2,8.33
8,90,2,8.6225
8,96,2,5.08
8,100,2,8.260000000000002
8,102,2,4.8575
8,104,2,7.02
8,106,2,6.534999999999999
8,108,2,0.2599999999999998
8,110,2,2.6500000000000004
8,116,2,12.925
8,122,2,0.915
8,124,2,1.6549999999999998
8,126,2,3.92
8,134,2,4.799999999999999
8,136,2,1.56
8,138,2,3.07
8,140,2,1.645
8,144,2,3.5090000000000003
8,148,2,5.389999999999999
8,150,2,1.9175
8,156,2,4.0
8,164,2,4.828
8,166,2,4.952500000000001
10,0,2,3.57
10,2,2,8.745000000000001
10,4,2,4.175
10,6,2,3.355
10,8,2,5.8950000000000005
10,10,2,5.605
10,12,2,8.540000000000001
10,14,2,6.492500000000001
10,20,2,6.955
10,30,2,3.04
10,32,2,4.635
10,34,2,2.642499999999999
10,36,2,5.085000000000001
10,38,2,4.26
10,48,2,8.0725
10,50,2,4.3775
10,54,2,2.0
10,56,2,7.550000000000001
10,58,2,1.9525
10,60,2,2.48
10,62,2,5.3100000000000005
10,64,2,3.186666666666667
10,72,2,1.59
10,78,2,4.665000000000001
10,84,2,-0.7349999999999999
10,86,2,6.64
10,90,2,8.43
10,92,2,6.492500000000001
10,100,2,5.15
10,102,2,2.565
10,108,2,7.215
10,114,2,1.6949999999999998
10,116,2,0.52
10,118,2,7.095000000000001
10,122,2,9.54
10,124,2,1.93
10,128,2,6.1
10,130,2,8.067499999999999
10,134,2,6.154999999999999
10,138,2,0.9000000000000001
10,144,2,4.859999999999999
10,152,2,5.98
10,160,2,2.35
10,162,2,6.369999999999999
10,164,2,0.94
10,166,2,1.6224999999999998
11,0,2,1.975
11,10,2,2.785
11,16,2,0.0150000000000001
11,18,2,2.605
11,22,2,6.590000000000001
11,24,2,2.4850000000000003
11,26,2,3.01
11,30,2,1.3250000000000002
11,34,2,9.28
11,38,2,5.855
11,44,2,5.265
11,48,2,1.81
11,54,2,6.915
11,58,2,1.82
11,62,2,2.91
11,66,2,4.1
11,70,2,5.6425
11,74,2,0.7400000000000002
11,76,2,5.3375
11,84,2,6.165000000000001
11,86,2,6.4
11,88,2,1.205
11,90,2,6.92
11,92,2,0.2250000000000001
11,94,2,-0.2849999999999997
11,98,2,4.75
11,102,2,0.405
11,108,2,1.99
11,110,2,1.09
11,112,2,4.85
11,114,2,5.26
11,120,2,3.885
11,124,2,1.7399999999999998
11,126,2,3.1825
11,132,2,4.3100000000000005
11,134,2,1.95
11,138,2,0.08
11,140,2,5.360000000000001
11,144,2,2.263333333333333
11,146,2,9.675
11,152,2,0.935
11,154,2,-0.4199999999999999
11,158,2,4.455
11,160,2,0.4374999999999998
11,166,2,2.13
12,0,2,0.1299999999999999
12,4,2,2.01
12,8,2,3.81
12,14,2,1.6999999999999995
12,20,2,5.584999999999999
12,26,2,4.965
12,30,2,4.84
12,34,2,1.2425000000000002
12,40,2,2.9125
12,44,2,1.87
12,46,2,2.965
12,48,2,4.430000000000001
12,50,2,1.505
12,52,2,4.32
12,54,2,8.9625
12,56,2,7.380000000000001
12,58,2,1.7050000000000003
12,60,2,3.695
12,62,2,0.5350000000000001
12,66,2,2.09
12,74,2,5.64
12,76,2,5.745
12,84,2,2.795
12,86,2,1.485
12,88,2,5.841666666666668
12,90,2,0.8399999999999999
12,92,2,9.14
12,96,2,4.4375
12,98,2,2.5650000000000004
12,100,2,1.7599999999999998
12,106,2,1.0599999999999998
12,108,2,8.135
12,110,2,6.298333333333333
12,124,2,4.775
12,126,2,3.625
12,130,2,3.69
12,132,2,2.7550000000000003
12,136,2,1.985
12,140,2,3.215
12,142,2,1.1050000000000004
12,144,2,4.955
12,146,2,2.3549999999999995
12,148,2,0.8
12,158,2,2.1175
13,0,2,1.935
13,6,2,6.904999999999999
13,8,2,4.0
13,10,2,12.13
13,14,2,3.4199999999999995
13,16,2,4.82
13,18,2,0.9000000000000001
13,20,2,1.435
13,22,2,4.835
13,26,2,4.8875
13,28,2,1.675
13,30,2,11.415
13,40,2,1.4300000000000002
13,42,2,4.844999999999999
13,46,2,4.4
13,48,2,0.415
13,52,2,10.670000000000002
13,60,2,5.0475
13,68,2,4.99
13,72,2,7.565
13,74,2,9.3225
13,76,2,1.2500000000000002
13,78,2,2.435
13,88,2,1.42
13,90,2,2.76
13,92,2,2.595
13,94,2,0.56
13,96,2,6.423333333333333
13,102,2,12.080000000000002
13,104,2,5.727499999999999
13,106,2,5.71
13,110,2,-0.3649999999999997
13,114,2,7.035000000000001
13,116,2,1.525
13,118,2,12.085
13,122,2,0.5049999999999999
13,124,2,3.890000000000001
13,126,2,1.5750000000000002
13,138,2,2.325
13,142,2,0.7400000000000001
13,146,2,3.335
13,148,2,1.925
13,150,2,4.165
13,152,2,8.905000000000001
13,154,2,7.130000000000001
13,156,2,1.145
13,158,2,6.4
13,160,2,1.825
13,162,2,6.19
13,166,2,4.0825
14,0,2,4.0
14,2,2,1.47
14,4,2,2.01
14,6,2,7.710000000000001
14,12,2,1.6887500000000002
14,14,2,3.8775
14,16,2,5.7925
14,20,2,7.18
14,22,2,0.4100000000000001
14,26,2,3.3783333333333334
14,30,2,9.66
14,34,2,4.336666666666667
14,36,2,3.4499999999999997
14,38,2,1.815
14,52,2,2.41
14,56,2,10.665
14,58,2,3.1000000000000005
14,60,2,1.3200000000000005
14,62,2,2.515
14,66,2,6.863333333333333
14,70,2,1.9850000000000003
14,72,2,0.7699999999999998
14,74,2,3.08
14,76,2,2.675
14,78,2,13.46
14,80,2,2.115
14,82,2,2.165
14,84,2,3.99
14,96,2,1.26
14,100,2,2.31
14,104,2,0.1099999999999998
14,106,2,5.32
14,108,2,2.9650000000000003
14,110,2,4.335
14,120,2,1.0700000000000005
14,122,2,5.91
14,124,2,6.1
14,126,2,4.5025
14,128,2,2.41
14,132,2,6.020000000000001
14,138,2,6.48
14,140,2,6.505000000000001
14,150,2,2.78
14,154,2,1.2800000000000002
14,156,2,5.672499999999999
14,160,2,1.25
14,164,2,7.317500000000001
14,166,2,5.005000000000001
15,6,2,3.827500000000001
15,8,2,2.715
15,22,2,4.863333333333333
15,24,2,5.504999999999999
15,34,2,3.295
15,36,2,0.6666666666666666
15,40,2,10.3
15,50,2,0.665
15,62,2,3.4900000000000007
15,66,2,2.58
15,68,2,3.65
15,70,2,5.619999999999999
15,72,2,5.194999999999999
15,80,2,0.4949999999999999
15,82,2,1.715
15,84,2,2.41
15,86,2,4.7125
15,88,2,4.2275
15,90,2,3.393333333333333
15,94,2,3.4425
15,98,2,2.085
15,104,2,2.535
15,112,2,1.39
15,114,2,9.235
15,118,2,6.129999999999999
15,120,2,0.55
15,122,2,6.705
15,128,2,3.681666666666666
15,130,2,6.3
15,132,2,10.175
15,136,2,2.2
15,140,2,5.451666666666667
15,146,2,7.135000000000001
15,150,2,8.295000000000002
15,154,2,1.0750000000000002
15,156,2,4.11
15,162,2,3.3150000000000004
16,2,2,6.765000000000001
16,8,2,3.34
16,14,2,8.975000000000001
16,16,2,10.97
16,18,2,2.6475
16,20,2,3.59
16,22,2,3.925
16,24,2,0.4950000000000001
16,28,2,2.14
16,32,2,0.125
16,34,2,4.28
16,38,2,3.325
16,42,2,0.6925000000000001
16,44,2,-0.71
16,46,2,5.72
16,48,2,3.1499999999999995
16,60,2,2.09
16,68,2,2.84
16,70,2,1.4525
16,74,2,3.96
16,76,2,3.747500000000001
16,78,2,3.9925
16,80,2,1.2024999999999997
16,82,2,4.741666666666667
16,90,2,1.3300000000000003
16,94,2,0.8249999999999997
16,98,2,2.5
16,100,2,8.004999999999999
16,112,2,8.495
16,116,2,3.5500000000000003
16,118,2,5.565
16,124,2,5.6425
16,126,2,13.935
16,132,2,2.25
16,136,2,2.785
16,142,2,5.805
16,144,2,6.925
16,148,2,4.73
16,150,2,2.96
16,152,2,4.7425
16,154,2,0.3249999999999997
16,162,2,5.215000000000001
16,164,2,1.2999999999999998
17,0,2,2.785
17,2,2,4.040000000000001
17,6,2,2.493333333333333
17,8,2,5.445
17,12,2,4.17
17,16,2,2.98
17,18,2,1.735
17,22,2,1.825
17,24,2,5.59
17,26,2,2.67
17,32,2,0.8050000000000002
17,36,2,4.825
17,44,2,5.04
17,48,2,4.7475
17,52,2,2.3766666666666665
17,54,2,7.194999999999999
17,68,2,0.3525
17,70,2,4.4125000000000005
17,78,2,2.745
17,80,2,1.72
17,82,2,14.05
17,86,2,0.5499999999999998
17,92,2,7.2475
17,94,2,2.3400000000000003
17,100,2,4.435
17,106,2,0.7550000000000003
17,108,2,2.56
17,122,2,1.35
17,124,2,1.065
17,126,2,2.41
17,134,2,3.245
17,138,2,0.7450000000000001
17,142,2,8.14
17,144,2,3.76
17,146,2,2.76
17,150,2,5.469999999999999
17,154,2,3.94
17,162,2,10.925
17,164,2,6.4375
52,146,2,0.76
52,152,2,10.615
52,154,2,8.965
52,158,2,3.345
1,6,1,4.08
1,10,1,1.6600000000000006
1,12,1,10.2
1,14,1,4.19
1,20,1,2.5250000000000004
1,22,1,4.63
1,28,1,4.005
1,30,1,4.880000000000001
1,34,1,6.635
1,38,1,1.5725
1,42,1,9.51
1,44,1,3.09
1,46,1,5.1625
1,48,1,1.745
1,52,1,4.75
1,58,1,6.745000000000001
1,64,1,0.915
1,66,1,3.485
1,68,1,12.98
1,70,1,3.5775
1,74,1,0.7999999999999998
1,76,1,2.793333333333333
1,84,1,5.227499999999999
1,86,1,4.319999999999999
1,94,1,8.275
1,96,1,3.3349999999999995
1,100,1,4.285
1,102,1,2.71
1,104,1,3.735
1,106,1,5.655
1,108,1,3.53
1,110,1,4.855
1,114,1,6.135
1,120,1,3.145
1,122,1,4.345000000000001
1,126,1,0.5249999999999999
1,130,1,7.629999999999999
1,134,1,3.33
1,138,1,0.0899999999999998
1,140,1,0.7400000000000002
1,146,1,9.25
1,148,1,5.404999999999999
1,156,1,2.6500000000000004
1,160,1,4.8075
1,166,1,5.67
2,0,1,1.45
2,2,1,1.265
2,4,1,1.4400000000000004
2,6,1,4.675000000000001
2,12,1,2.45
2,22,1,2.22
2,24,1,3.815
2,26,1,6.65
2,30,1,4.24
2,32,1,2.3600000000000003
2,34,1,1.525
2,46,1,0.0849999999999999
2,50,1,9.825
2,52,1,6.959999999999999
2,54,1,0.0725000000000001
2,56,1,1.7199999999999998
2,58,1,7.26
2,62,1,3.3825000000000003
2,66,1,9.657500000000002
2,70,1,0.9275000000000002
2,72,1,7.6225
2,74,1,1.3400000000000003
2,76,1,3.12
2,78,1,2.17
2,82,1,3.58875
2,84,1,1.6975
2,86,1,4.130000000000001
2,88,1,0.9075
2,90,1,5.885000000000002
2,92,1,1.66
2,96,1,0.8799999999999999
2,100,1,0.08
2,104,1,3.755
2,108,1,0.3149999999999999
2,110,1,4.655
2,112,1,2.33
2,114,1,8.2225
2,124,1,3.685
2,128,1,0.9975000000000002
2,132,1,6.760000000000001
2,134,1,1.41
2,136,1,1.59
2,142,1,4.5775
2,146,1,1.825
2,148,1,3.33
2,150,1,3.1
2,158,1,2.185
2,164,1,1.685
4,2,1,6.619999999999999
4,6,1,7.67
4,8,1,7.965
4,10,1,5.465
4,12,1,7.35
4,22,1,11.21
4,28,1,6.765000000000001
4,32,1,-0.71
4,36,1,0.7149999999999999
4,42,1,2.835
4,52,1,1.88
4,54,1,9.765
4,62,1,5.16
4,64,1,1.5375
4,68,1,0.4549999999999998
4,70,1,2.935
4,76,1,2.793333333333333
4,78,1,4.9875
4,82,1,6.265000000000001
4,84,1,0.4849999999999999
4,88,1,9.17
4,94,1,4.416666666666666
4,96,1,3.39
4,100,1,0.7449999999999999
4,102,1,3.135
4,104,1,1.69
4,110,1,3.3
4,114,1,-0.0299999999999998
4,118,1,7.66
4,120,1,2.0483333333333333
4,126,1,0.91
4,128,1,4.581666666666667
4,130,1,3.61
4,132,1,1.765
4,136,1,5.62
4,142,1,3.366666666666667
4,148,1,5.67
4,150,1,6.239999999999999
4,154,1,6.864999999999999
4,156,1,3.82
4,160,1,4.45
4,162,1,2.06
5,0,1,7.930000000000001
5,2,1,2.8249999999999997
5,6,1,7.13
5,8,1,7.905000000000001
5,16,1,1.2799999999999998
5,18,1,8.045000000000002
5,20,1,1.825
5,28,1,1.94
5,30,1,-0.1149999999999997
5,34,1,3.925
5,36,1,3.6625
5,38,1,1.495
5,42,1,8.209999999999999
5,50,1,2.45
5,52,1,1.8975
5,54,1,3.9625
5,58,1,5.7875
5,60,1,6.535
5,64,1,3.79
5,66,1,2.9450000000000003
5,70,1,6.1875
5,74,1,0.7549999999999999
5,76,1,3.435
5,78,1,6.595000000000001
5,80,1,3.9475
5,82,1,9.27
5,90,1,6.1725
5,96,1,3.3875
5,98,1,5.545
5,100,1,3.9825
5,102,1,7.07
5,106,1,3.925
5,114,1,9.9
5,116,1,3.965
5,118,1,2.54
5,120,1,2.87
5,126,1,4.231
5,132,1,5.89
5,134,1,4.275
5,136,1,0.9699999999999998
5,140,1,4.25
5,144,1,3.3200000000000003
5,150,1,2.861666666666667
5,152,1,0.8975
5,154,1,6.7250000000000005
5,160,1,8.170000000000002
5,162,1,0.2550000000000001
5,164,1,5.355
6,6,1,0.2650000000000001
6,8,1,0.8300000000000001
6,10,1,1.685
6,14,1,5.834999999999999
6,16,1,9.01
6,22,1,1.4275
6,26,1,3.975000000000001
6,30,1,14.22
6,32,1,4.8375
6,34,1,6.92
6,38,1,5.9975000000000005
6,42,1,2.9850000000000003
6,44,1,1.79
6,46,1,2.765
6,48,1,3.9425
6,50,1,3.63
6,52,1,7.7
6,54,1,5.6450000000000005
6,56,1,2.2
6,60,1,2.6300000000000003
6,66,1,6.745
6,68,1,3.5325
6,70,1,9.365000000000002
6,72,1,4.1975
6,74,1,1.11
6,82,1,3.815
6,84,1,5.710000000000001
6,86,1,3.495
6,88,1,3.695
6,90,1,1.12
6,112,1,2.595
6,114,1,6.66
6,116,1,7.969999999999999
6,120,1,3.185
6,122,1,6.64375
6,132,1,2.705
6,134,1,3.04
6,136,1,1.835
6,138,1,1.005
6,140,1,3.49
6,142,1,7.084999999999999
6,146,1,7.074999999999999
6,148,1,1.9400000000000004
6,150,1,2.9450000000000003
6,152,1,1.39
6,154,1,6.984999999999999
6,162,1,6.0275
7,0,1,4.6075
7,4,1,4.5525
7,6,1,4.9775
7,8,1,2.8200000000000003
7,10,1,3.475
7,12,1,4.4075
7,14,1,1.915
7,20,1,2.9650000000000003
7,22,1,2.015
7,24,1,4.43
7,26,1,7.470000000000001
7,28,1,0.56
7,30,1,4.470000000000001
7,32,1,0.3450000000000002
7,36,1,5.340000000000002
7,40,1,6.875
7,42,1,2.715
7,46,1,5.505
7,48,1,2.385
7,52,1,3.595
7,56,1,3.835
7,58,1,5.700000000000001
7,60,1,1.6125
7,64,1,0.33
7,66,1,1.41
7,78,1,4.0625
7,84,1,2.2550000000000003
7,88,1,11.095
7,94,1,4.19
7,102,1,3.8975
7,114,1,2.455
7,116,1,8.04
7,120,1,1.7150000000000003
7,124,1,1.6549999999999998
7,130,1,5.35
7,132,1,0.7699999999999999
7,134,1,3.405
7,142,1,1.4500000000000002
7,144,1,4.98
7,150,1,2.5649999999999995
7,152,1,3.5700000000000003
7,160,1,11.52
7,164,1,5.6850000000000005
7,166,1,-0.1749999999999998
8,2,1,2.4799999999999995
8,6,1,11.52
8,18,1,6.095
8,20,1,5.9
8,22,1,1.4449999999999998
8,24,1,6.9025
8,26,1,3.225
8,28,1,3.2275
8,30,1,7.074999999999999
8,34,1,2.495
8,38,1,5.130000000000001
8,40,1,1.975
8,44,1,0.7549999999999999
8,46,1,4.0625
8,48,1,3.45
8,52,1,3.26
8,54,1,-0.625
8,56,1,6.023749999999999
8,68,1,0.975
8,74,1,3.865
8,78,1,2.045
8,80,1,5.720000000000001
8,82,1,4.47
8,86,1,5.6625000000000005
8,88,1,7.855
8,92,1,8.129999999999999
8,96,1,3.605
8,100,1,2.915
8,102,1,2.8199999999999994
8,104,1,2.095
8,106,1,5.175
8,112,1,4.96
8,116,1,4.94
8,122,1,0.0649999999999999
8,124,1,4.2325
8,136,1,1.965
8,142,1,5.665
8,144,1,1.4899999999999998
8,146,1,1.21
8,148,1,4.03
8,150,1,14.435
8,152,1,0.8
8,154,1,6.2875
8,156,1,1.6999999999999995
8,160,1,14.2
8,164,1,4.415
9,6,1,4.965000000000001
9,18,1,6.845000000000001
9,22,1,5.66
9,24,1,5.0575
9,26,1,7.605
9,28,1,2.2350000000000003
9,30,1,6.165000000000001
9,32,1,3.1850000000000005
9,34,1,6.022500000000001
9,38,1,2.2
9,40,1,3.7125
9,42,1,0.9449999999999998
9,46,1,0.5200000000000002
9,48,1,2.35
9,54,1,11.305
9,56,1,0.0549999999999997
9,58,1,9.105
9,60,1,2.1100000000000003
9,64,1,1.585
9,70,1,3.32
9,72,1,5.815000000000001
9,74,1,7.869999999999999
9,80,1,5.3
9,84,1,3.75
9,88,1,2.25
9,90,1,12.765
9,92,1,2.57
9,98,1,1.785
9,106,1,3.035
9,110,1,7.284999999999999
9,114,1,4.815
9,118,1,6.355
9,124,1,4.0
9,128,1,3.03
9,130,1,2.66
9,132,1,1.9350000000000005
9,134,1,4.28
9,146,1,4.922499999999999
9,150,1,2.158333333333333
9,154,1,2.275
9,156,1,2.188333333333333
9,160,1,1.3299999999999996
9,162,1,4.715
9,164,1,8.3375
10,6,1,0.5350000000000001
10,8,1,6.9
10,14,1,4.493333333333333
10,16,1,2.11
10,20,1,4.345000000000001
10,22,1,2.9250000000000003
10,24,1,4.3375
10,26,1,2.59
10,30,1,0.7449999999999999
10,36,1,5.405
10,50,1,3.956666666666667
10,62,1,3.225
10,64,1,2.705
10,68,1,1.33
10,70,1,8.82
10,72,1,4.0425
10,74,1,3.61
10,76,1,3.53
10,78,1,3.4125000000000005
10,82,1,4.865
10,84,1,7.425000000000001
10,86,1,3.125
10,92,1,1.565
10,96,1,6.7
10,100,1,2.5600000000000005
10,102,1,5.0875
10,104,1,6.720000000000001
10,106,1,5.254999999999999
10,108,1,3.43
10,114,1,-0.625
10,120,1,3.315
10,126,1,7.479999999999999
10,128,1,0.75
10,130,1,3.8925
10,132,1,2.45
10,134,1,3.41
10,136,1,6.99
10,142,1,5.675000000000001
10,144,1,1.0799999999999996
10,146,1,2.7150000000000003
10,154,1,3.2633333333333336
10,162,1,5.325
10,164,1,8.843333333333334
11,0,1,3.8650000000000007
11,2,1,3.92
11,4,1,2.0349999999999997
11,8,1,2.6049999999999995
11,10,1,2.225
11,12,1,1.1025
11,14,1,6.1
11,16,1,3.99
11,18,1,5.535
11,20,1,8.045
11,24,1,2.02
11,26,1,3.2
11,28,1,5.0075
11,34,1,11.34
11,42,1,5.414999999999999
11,44,1,6.185
11,48,1,0.145
11,50,1,0.3049999999999997
11,52,1,3.425
11,54,1,6.175000000000001
11,56,1,11.45
11,60,1,1.405
11,62,1,1.7599999999999998
11,66,1,1.7449999999999997
11,70,1,6.925
11,82,1,2.185
11,86,1,1.785
11,94,1,2.705
11,98,1,10.02
11,100,1,3.773333333333333
11,102,1,3.5000000000000004
11,104,1,1.8025
11,114,1,1.58
11,116,1,10.155
11,120,1,3.265
11,122,1,7.115
11,132,1,5.525
11,134,1,5.525
11,138,1,1.2475
11,140,1,0.9199999999999996
11,142,1,6.650000000000001
11,144,1,0.2600000000000002
11,146,1,2.1225000000000005
11,154,1,3.27
11,160,1,2.0700000000000003
11,162,1,8.01
11,164,1,8.915
11,166,1,2.875
12,2,1,3.765
12,4,1,2.0075000000000003
12,6,1,5.935
12,12,1,4.1850000000000005
12,18,1,6.425
12,22,1,4.7525
12,24,1,5.23
12,28,1,4.733333333333333
12,32,1,2.59
12,34,1,2.775
12,36,1,4.09
12,40,1,1.35
12,42,1,1.215
12,44,1,4.49
12,46,1,3.64
12,50,1,2.305
12,52,1,2.035
12,54,1,5.454999999999999
12,56,1,3.5083333333333333
12,74,1,0.6500000000000004
12,98,1,2.5625
12,100,1,3.1
12,102,1,5.735
12,106,1,0.9499999999999998
12,108,1,4.74
12,110,1,5.409999999999999
12,112,1,0.3099999999999998
12,116,1,5.559999999999999
12,118,1,4.715
12,128,1,2.1699999999999995
12,130,1,4.415000000000001
12,136,1,2.54
12,138,1,3.16
12,146,1,1.4449999999999998
12,150,1,2.14
12,152,1,5.775
12,156,1,4.777500000000001
12,158,1,3.6750000000000007
12,162,1,8.533333333333333
12,166,1,3.73
13,0,1,3.915
13,4,1,4.840000000000001
13,6,1,4.908333333333333
13,10,1,6.180000000000001
13,12,1,1.97
13,20,1,2.825
13,22,1,5.205
13,24,1,5.9975000000000005
13,26,1,3.98
13,32,1,7.9
13,36,1,1.88
13,38,1,1.48
13,40,1,7.764999999999999
13,42,1,7.675000000000001
13,52,1,2.62
13,54,1,0.3499999999999998
13,60,1,2.6425
13,64,1,3.2
13,68,1,7.82
13,72,1,4.85
13,74,1,6.385000000000001
13,86,1,3.0250000000000004
13,88,1,10.9725
13,90,1,3.7525
13,92,1,0.4099999999999997
13,94,1,6.77
13,96,1,7.91
13,98,1,3.675
13,100,1,2.3500000000000005
13,102,1,2.635
13,104,1,5.65
13,108,1,2.01
13,110,1,0.7750000000000001
13,112,1,9.255
13,118,1,3.22
13,120,1,0.9349999999999998
13,124,1,6.14
13,128,1,6.25
13,132,1,4.79
13,136,1,5.505000000000001
13,144,1,1.2900000000000005
13,146,1,1.67
13,150,1,2.02
13,156,1,2.0650000000000004
13,162,1,6.147500000000001
14,0,1,4.645
14,6,1,3.53
14,8,1,3.0
14,10,1,0.53
14,12,1,4.605
14,16,1,1.975
14,18,1,0.625
14,20,1,4.82
14,28,1,3.528333333333333
14,44,1,1.305
14,46,1,2.585
14,58,1,0.8999999999999999
14,62,1,12.81
14,68,1,1.4400000000000002
14,72,1,9.1
14,74,1,6.845000000000001
14,76,1,2.4450000000000003
14,78,1,10.6375
14,80,1,3.93
14,82,1,6.174999999999999
14,92,1,3.1275000000000004
14,94,1,3.005
14,102,1,2.435
14,112,1,2.06
14,114,1,10.509999999999998
14,122,1,5.199999999999999
14,124,1,2.785
14,126,1,6.050000000000001
14,130,1,6.4875
14,132,1,0.0499999999999998
14,136,1,4.95
14,146,1,5.119999999999999
14,148,1,1.73
14,150,1,6.255000000000001
14,154,1,4.19
14,158,1,0.1200000000000001
14,162,1,1.5749999999999995
15,0,1,3.8850000000000007
15,2,1,1.4883333333333333
15,8,1,-0.0049999999999998
15,12,1,2.675
15,14,1,6.645
15,16,1,5.61
15,18,1,3.925
15,22,1,0.4900000000000002
15,24,1,3.42
15,26,1,6.315
15,28,1,1.4
15,36,1,4.4075
15,44,1,2.345
15,46,1,4.1325
15,48,1,2.07
15,54,1,4.99
15,58,1,1.89
15,62,1,1.135
15,64,1,0.4650000000000001
15,66,1,4.61
15,68,1,1.285
15,76,1,1.64
15,80,1,11.535
15,90,1,7.685
15,98,1,-0.1500000000000003
15,100,1,5.1225
15,104,1,7.3925
15,106,1,3.3800000000000003
15,108,1,2.305
15,112,1,5.78
15,122,1,6.08
15,126,1,10.93
15,130,1,4.342499999999999
15,134,1,3.03
15,138,1,5.739999999999999
15,140,1,4.984999999999999
15,144,1,4.575
15,148,1,4.838333333333334
15,156,1,7.307500000000001
15,158,1,2.0500000000000003
15,162,1,1.835
16,2,1,5.484999999999999
16,6,1,-0.415
16,10,1,-0.0949999999999997
16,14,1,2.33
16,24,1,1.015
16,28,1,5.359999999999999
16,32,1,2.305
16,34,1,5.550000000000001
16,36,1,6.185
16,38,1,5.050000000000001
16,40,1,4.98
16,46,1,7.367500000000001
16,48,1,2.73
16,50,1,5.805000000000001
16,52,1,5.2250000000000005
16,58,1,7.19
16,60,1,4.295
16,62,1,0.8099999999999996
16,64,1,7.972499999999999
16,66,1,0.75
16,72,1,6.624999999999999
16,74,1,3.31
16,76,1,5.657500000000001
16,82,1,2.335
16,86,1,0.985
16,88,1,1.37
16,100,1,3.665
16,108,1,0.635
16,110,1,1.1150000000000002
16,112,1,0.0750000000000001
16,114,1,8.325
16,116,1,9.02
16,122,1,1.7499999999999998
16,128,1,4.24
16,132,1,1.5025
16,138,1,4.625
16,140,1,2.16
16,142,1,8.34
16,144,1,1.885
16,148,1,2.8150000000000004
16,154,1,2.8775
16,160,1,18.175
16,162,1,1.4083333333333332
16,164,1,3.61
17,18,1,4.7700000000000005
17,20,1,4.175
17,22,1,2.765
17,24,1,1.7999999999999998
17,30,1,9.275
17,34,1,1.825
17,36,1,2.285
17,42,1,6.725
17,50,1,1.7600000000000005
17,54,1,15.75
17,64,1,14.64
17,70,1,8.475
17,72,1,3.835
17,76,1,5.4350000000000005
17,78,1,6.525
17,80,1,3.305
17,82,1,4.09
17,84,1,7.825
17,88,1,6.334999999999999
17,90,1,15.615000000000002
17,92,1,6.774999999999999
17,94,1,2.22
17,96,1,5.4
17,98,1,5.205
17,102,1,3.685
17,106,1,3.12
17,108,1,4.42
17,110,1,1.085
17,112,1,3.63
17,118,1,2.47
17,120,1,2.66
17,126,1,1.965
17,128,1,-0.0650000000000003
17,130,1,3.9825
17,134,1,0.4399999999999999
17,136,1,7.037500000000001
17,138,1,8.905
17,144,1,-0.4449999999999998
17,148,1,3.93
17,152,1,0.1099999999999998
17,156,1,3.1900000000000004
17,160,1,8.365
17,162,1,3.9975
17,166,1,1.0025
52,144,1,4.35
52,150,1,5.120000000000001
52,154,1,8.385
52,158,1,3.71
52,160,1,2.165
